6,a,一つの,冠詞
1,the,その,冠詞
2803,hello,こんにちは,感嘆詞
1826,hi,こんにちは(カジュアル),感嘆詞
925,okay,いいですよ,感嘆詞
228,yes,はい,感嘆詞
271,able,できる,形容詞
2398,absolute,絶対の,形容詞
2721,abstract,抽象的な,形容詞
1751,academic,学問の,形容詞
2428,acceptable,許容できる,形容詞
2283,accurate,正確な,形容詞
1354,active,活動的な,形容詞
1335,actual,実際の,形容詞
1081,additional,追加の,形容詞
2358,adequate,(かろうじて)十分な,形容詞
1353,afraid,恐れて,形容詞
2467,aggressive,攻撃的な,形容詞
2212,agricultural,農業の,形容詞
1774,alive,生きている,形容詞
33,all,すべての,形容詞
2801,alright,申し分ない、大丈夫,形容詞
1090,alternative,代わりの,形容詞
1727,ancient,古代の,形容詞
1813,angry,怒った,形容詞
1177,annual,年間の、1年間の,形容詞
140,another,別の、もう1つの,形容詞
2666,anxious,心配して,形容詞
83,any,何らかの,形容詞
2151,apparent,明らかな,形容詞
1019,appropriate,適切な、適応する,形容詞
2806,ashamed,恥ずかしい,形容詞
1715,attractive,魅力的な,形容詞
459,available,利用可能な,形容詞
690,average,平均の,形容詞
1039,aware,気づいて,形容詞
2206,awful,ひどい(主観的),形容詞
94,back,後ろの,形容詞
268,bad,悪い,形容詞
911,basic,基本的な、基礎的な,形容詞
792,beautiful,美しい,形容詞
184,big,大きい(主観的),形容詞
2658,biological,生物学的な,形容詞
411,black,黒い,形容詞
2263,blind,盲目の,形容詞
2265,bloody,血まみれの,形容詞
858,blue,青い,形容詞
128,both,両方の,形容詞
1270,brief,簡潔な、短い,形容詞
1510,bright,明るい,形容詞
2200,brilliant,輝かしい,形容詞
1330,broad,広大な、(知識などが)広い,形容詞
1913,brown,茶色の,形容詞
1233,busy,忙しい,形容詞
1964,calm,落ち着いた,形容詞
1885,capable,能力がある,形容詞
1637,careful,注意深い,形容詞
891,central,中心の,形容詞
451,certain,確かな(客観的),形容詞
1582,characteristic,特徴的な,形容詞
1095,cheap,安い,形容詞
1657,chemical,化学の,形容詞
1155,chief,最高位の,形容詞
1449,civil,市民の,形容詞
1875,classic,古典の,形容詞
2480,classical,古典的な,形容詞
369,clear,はっきりした,形容詞
2367,clinical,臨床の,形容詞
867,cold,寒い,形容詞
1384,comfortable,快適な,形容詞
1260,commercial,商業の,形容詞
567,common,共通の,形容詞
1824,competitive,競争の,形容詞
1047,complex,複雑な,形容詞
2384,comprehensive,包括的な,形容詞
2569,concrete,具体的な,形容詞
2218,confident,自信がある,形容詞
1620,conservative,保守的な,形容詞
1671,considerable,かなりの(主観的),形容詞
1942,consistent,一致した、矛盾のない,形容詞
1668,constant,絶え間ない,形容詞
2059,contemporary,現代の、同時代の,形容詞
2652,continuous,継続的な,形容詞
2685,controversial,議論を呼ぶ,形容詞
2308,conventional,従来の,形容詞
1156,cool,涼しい,形容詞
1465,corporate,企業の,形容詞
1032,correct,正しい、正解の,形容詞
2412,counter,反対の,形容詞
2276,crazy,気が狂った,形容詞
2209,creative,創造的な,形容詞
1285,critical,批判的な,形容詞
1983,crucial,極めて重大な、決定的な,形容詞
1265,cultural,文化の,形容詞
2543,curious,好奇心の強い,形容詞
590,current,現在の、最新の,形容詞
955,daily,毎日の,形容詞
2571,damn,ひどい(口語的),形容詞
1419,dangerous,危険な,形容詞
923,dark,暗い,形容詞
947,dead,死んだ,形容詞
1401,dear,親愛なる,形容詞
840,deep,深い,形容詞
2547,democratic,民主的な,形容詞
2336,dependent,依存している,形容詞
149,different,異なった,形容詞
470,difficult,難しい,形容詞
2309,digital,デジタルの,形容詞
724,direct,直接の,形容詞
2255,dirty,汚い,形容詞
2724,distant,遠い(数値的に)、冷ややかな,形容詞
2572,distinct,はっきり異なる,形容詞
1454,domestic,国内の,形容詞
1096,double,2倍の,形容詞
1975,dramatic,劇的な,形容詞
1135,dry,乾いた,形容詞
574,due,期限が来た,形容詞
145,each,それぞれの,形容詞
197,early,早い,形容詞
2368,eastern,東の,形容詞
408,easy,(能力的に)簡単な,形容詞
493,economic,経済の,形容詞
1892,educational,教育の,形容詞
1031,effective,効果的な,形容詞
1969,efficient,効率的な,形容詞
371,either,どちらかの,形容詞
2052,elderly,年配の,形容詞
2420,electric,電気の,形容詞
1722,electronic,電子の,形容詞
1831,emotional,感情的な,形容詞
1592,empty,空の,形容詞
1780,enormous,巨大な、莫大な,形容詞
267,enough,十分な、足りている,形容詞
1185,entire,全体の、完全な,形容詞
1360,environmental,環境の,形容詞
1254,equal,等しい,形容詞
2049,equivalent,同等の,形容詞
1290,essential,必要不可欠な、本質的な,形容詞
2365,ethnic,民族の,形容詞
180,every,すべての、どの?も,形容詞
2158,everyday,日常の、普段の,形容詞
2190,evil,邪悪な,形容詞
2327,exact,正確な、厳密な,形容詞
1163,excellent,優れた,形容詞
1061,expensive,高価な,形容詞
2744,experimental,実験的な,形容詞
2231,extensive,広範囲な,形容詞
2125,external,外部の,形容詞
1058,extra,余分な,形容詞
2199,extraordinary,並外れた,形容詞
1857,extreme,極端な,形容詞
1080,fair,公正な,形容詞
2098,false,誤った,形容詞
1445,familiar,よく知られた,形容詞
1017,famous,有名な,形容詞
2492,fantastic,素晴らしい、途方もない,形容詞
245,far,(物理的に)遠い,形容詞
631,fast,(速度が)速い,形容詞
1654,fat,太った,形容詞
1000,favorite,お気に入りの,形容詞
1123,federal,連邦の,形容詞
961,female,女性の,形容詞
195,few,少ない,形容詞
698,final,最後の、最終の,形容詞
644,financial,財政上の,形容詞
597,fine,晴れた,形容詞
78,first,最初の、1番目の,形容詞
1077,flat,平らな,形容詞
2720,flexible,柔軟な,形容詞
633,foreign,外国の(人や文化),形容詞
1700,formal,公式の、正装の,形容詞
599,former,前の、前者の,形容詞
2800,fortunate,運が良い,形容詞
395,free,自由な,形容詞
2409,frequent,頻繁な,形容詞
1309,fresh,新鮮な,形容詞
1538,friendly,友好的な,形容詞
410,full,満ちた,形容詞
2755,functional,機能的な,形容詞
1881,fundamental,基本的な、根本的な,形容詞
1237,funny,おかしい,形容詞
400,further,さらなる,形容詞
2040,gay,陽気な、同性愛の,形容詞
404,general,一般的な,形容詞
2466,genetic,遺伝の,形容詞
2750,gentle,(動作が)優しい,形容詞
2698,genuine,本物の,形容詞
1370,glad,うれしい,形容詞
1170,global,地球規模の,形容詞
2653,golden,金の,形容詞
56,good,良い,形容詞
2093,grand,壮大な,形容詞
1977,grateful,感謝している,形容詞
1849,gray,灰色の,形容詞
124,great,素晴らしい、偉大な,形容詞
940,green,緑の,形容詞
2129,guilty,有罪の,形容詞
513,happy,幸せな,形容詞
298,hard,難しい、硬い,形容詞
1362,healthy,健康な,形容詞
1052,heavy,重い,形容詞
1713,helpful,役立つ,形容詞
148,high,高い,形容詞
2495,historic,歴史的な,形容詞
1405,historical,歴史の,形容詞
2035,honest,正直な,形容詞
2709,horrible,恐ろしい,形容詞
885,hot,暑い,形容詞
862,huge,でかい,形容詞
428,human,人間の,形容詞
1674,ideal,理想的な,形容詞
1729,ill,重い病気の,形容詞
2353,illegal,違法の,形容詞
1806,immediate,即座の,形容詞
190,important,重要な,形容詞
1350,impossible,不可能な,形容詞
2421,impressive,印象的な,形容詞
1006,independent,独立した,形容詞
409,individual,個人の、個別の,形容詞
1494,industrial,産業の,形容詞
1282,initial,最初の、初期の,形容詞
2235,inner,内側の,形容詞
2714,innocent,無実の,形容詞
2745,institutional,制度上の,形容詞
1981,intellectual,知的な,形容詞
2564,intense,強烈な,形容詞
1517,internal,内部の,形容詞
662,international,国際的な,形容詞
2364,keen,熱心な,形容詞
176,kind,親切な,形容詞
210,large,大きい(客観的),形容詞
101,last,最後の、最新の,形容詞
147,late,(時刻が)遅い,形容詞
1704,latter,後者の,形容詞
2802,lazy,怠惰な,形容詞
281,least,(度合いが)最小の,形容詞
1220,left,左の,形容詞
979,legal,法律の,形容詞
253,less,より少ない,形容詞
1821,liberal,自由主義の,形容詞
349,light,軽い,形容詞
535,likely,ありそうな,形容詞
2470,literary,文学の,形容詞
132,little,小さい(主観的),形容詞
300,local,地元の,形容詞
115,long,長い,形容詞
2185,loose,緩い,形容詞
2249,loud,大声の,形容詞
1600,lovely,素敵な、愛らしい,形容詞
283,low,低い,形容詞
1866,lucky,幸運な,形容詞
2417,mad,怒り狂った,形容詞
453,main,主要な、中心の,形容詞
438,major,主要な、一流の,形容詞
914,male,男性の,形容詞
99,many,たくさんの(可算名詞),形容詞
1923,massive,重量感のある,形容詞
2269,mature,成熟した,形容詞
1841,maximum,最大の,形容詞
1033,medical,医学の,形容詞
1649,mental,精神の,形容詞
2582,mere,単なる,形容詞
836,middle,中央の,形容詞
758,military,軍事の,形容詞
1769,minimum,最小の、最低限の,形容詞
1997,minor,小さい方の,形容詞
1738,mobile,可動性の,形容詞
2348,moderate,適度な,形容詞
808,modern,近代的な,形容詞
2738,monthly,月次の,形容詞
1550,moral,道徳的な,形容詞
42,more,より多くの,形容詞
88,most,最も多くの,形容詞
91,much,たくさんの(不可算名詞),形容詞
1732,multiple,重なっている,形容詞
1630,musical,音楽の,形容詞
2439,mutual,相互の,形容詞
1585,narrow,狭い,形容詞
537,national,国家の,形容詞
1639,native,母国の,形容詞
817,natural,自然の,形容詞
427,near,近い,形容詞
1895,nearby,近くの,形容詞
676,necessary,必要な,形容詞
1086,negative,否定的な,形容詞
1216,neither,どちらも?ない,形容詞
2078,nervous,緊張して,形容詞
79,new,新しい,形容詞
151,next,次の,形容詞
506,nice,良い、好ましい,形容詞
855,normal,標準の,形容詞
1770,northern,北の,形容詞
1198,nuclear,核の,形容詞
2069,numerous,多数の,形容詞
1323,obvious,明白な、見え透いた,形容詞
1574,odd,奇妙な、奇数の,形容詞
643,official,公式の、公務の,形容詞
144,old,古い,形容詞
35,one,1つの,形容詞
1794,online,オンラインの,形容詞
1373,opposite,反対側の,形容詞
1646,ordinary,普通の,形容詞
2760,organic,有機の,形容詞
963,original,元の、本来の,形容詞
54,other,他の,形容詞
1113,overall,全体的な,形容詞
2315,overseas,海外の、海を越えて,形容詞
129,own,自分の,形容詞
2757,pale,青白い,形容詞
2279,parallel,平行な,形容詞
467,particular,特定の、こだわりの,形容詞
589,patient,忍耐強い,形容詞
1111,perfect,完全な,形容詞
1782,permanent,永続的な,形容詞
585,personal,個人の、自分専用の,形容詞
1120,physical,身体の,形容詞
2238,pink,桃色の,形容詞
1961,plain,明白な、飾り気がない,形容詞
2314,pleasant,楽しい,形容詞
1542,plenty,たっぷり,形容詞
394,political,政治の,形容詞
618,poor,貧しい,形容詞
790,popular,人気のある,形容詞
859,positive,積極的な,形容詞
290,possible,可能な,形容詞
830,potential,潜在的な,形容詞
1300,powerful,力強い,形容詞
1598,practical,実用的な,形容詞
2723,precise,精密な、緻密な,形容詞
2511,pregnant,妊娠している,形容詞
275,present,現在の、今この瞬間の,形容詞
1887,presidential,大統領の,形容詞
637,pretty,かわいい、見た目が良い,形容詞
922,previous,前の、直前の,形容詞
1067,primary,最優先の,形容詞
1838,prime,最も重要な,形容詞
1555,principal,主要な、主導的な,形容詞
1792,prior,前の、優先の,形容詞
648,private,非公開の,形容詞
936,professional,専門職の,形容詞
2375,prompt,迅速な,形容詞
1484,proper,適切な、正しい,形容詞
1890,proud,誇りに思って,形容詞
2523,psychological,心理的な,形容詞
287,public,公衆の,形容詞
2264,pure,純粋な,形容詞
1195,quick,素早い,形容詞
1313,quiet,静かな,形容詞
2613,racial,人種の,形容詞
2246,radical,根本的な、急進的な,形容詞
2432,random,無作為な,形容詞
2389,rapid,(変化などが)速い,形容詞
1763,rare,珍しい,形容詞
2686,raw,生の,形容詞
774,ready,準備ができて,形容詞
354,real,現実の,形容詞
1569,reasonable,合理的な,形容詞
641,recent,最近の,形容詞
800,red,赤い,形容詞
1805,regional,地域の,形容詞
1119,regular,規則的な,形容詞
1504,relevant,関連のある,形容詞
2512,reliable,信頼できる,形容詞
1356,religious,宗教の,形容詞
2191,remarkable,注目すべき,形容詞
2497,remote,遠隔の、遠い,形容詞
1082,responsible,責任がある,形容詞
1012,rich,豊かな,形容詞
92,right,正しい、正当な,形容詞
2634,romantic,恋愛的な、空想的な,形容詞
2319,rough,荒い,形容詞
519,round,丸い,形容詞
2776,royal,王の,形容詞
1963,rural,田舎の,形容詞
1710,sad,悲しい,形容詞
1027,safe,安全な、無事な,形容詞
122,same,同じ,形容詞
1756,scientific,科学の,形容詞
226,second,2番目の,形容詞
2085,secondary,二次の,形容詞
1523,secure,安全な、確かな,形容詞
1207,senior,年上の,形容詞
2077,sensitive,敏感な,形容詞
796,serious,重大な,形容詞
348,several,3つから数個程度の,形容詞
1947,severe,厳しい、過酷な,形容詞
1609,sexual,性的の,形容詞
1846,sharp,鋭い,形容詞
419,short,短い,形容詞
1716,sick,体調不良の,形容詞
720,significant,重要な(丁寧),形容詞
2474,silent,無音の,形容詞
2702,silly,愚かな、子供っぽい,形容詞
594,similar,似ている,形容詞
688,simple,単純な、簡単な,形容詞
557,single,たった一つの,形容詞
2042,slight,わずかな,形容詞
1118,slow,(速度が)遅い,形容詞
186,small,小さい(客観的),形容詞
2023,smart,賢い、要領が良い,形容詞
2241,smooth,滑らかな,形容詞
381,social,社会の,形容詞
1601,soft,柔らかい,形容詞
2796,solar,太陽の,形容詞
2050,solid,固体の,形容詞
53,some,いくつかの,形容詞
765,sorry,すまなく思って,形容詞
1920,southern,南の,形容詞
2126,spare,予備の,形容詞
443,special,特別な,形容詞
791,specific,特定の、具体的な,形容詞
1797,stable,(一時的に)安定した,形容詞
2111,steady,安定した、着実な,形容詞
1072,straight,真っ直ぐな,形容詞
1345,strange,奇妙な、未知の,形容詞
2568,strict,厳格な、厳しい,形容詞
461,strong,強い,形容詞
2763,structural,構造的な,形容詞
2363,stupid,頭が悪い,形容詞
2251,subsequent,その後の,形容詞
1894,substantial,実質的な、かなりの,形容詞
872,successful,成功した,形容詞
100,such,そのような,形容詞
1940,sudden,急な,形容詞
1932,sufficient,十分な(丁寧),形容詞
1638,suitable,適切な、適合する,形容詞
279,sure,確かな(主観的),形容詞
1781,sweet,甘い,形容詞
1785,tall,背が高い,形容詞
1458,technical,技術的な,形容詞
1820,temporary,一時的な,形容詞
2787,tender,優しい、愛情深い,形容詞
1644,terrible,ひどい(客観的),形容詞
15,that,あの,形容詞
2777,theoretical,理論的な,形容詞
2000,thick,厚い,形容詞
1698,thin,薄い,形容詞
19,this,この,形容詞
2083,tight,きつい、余裕がない,形容詞
1636,tiny,とても小さい,形容詞
569,total,合計の,形容詞
1469,tough,頑丈な、固い,形容詞
993,traditional,伝統的な,形容詞
478,true,真実の,形容詞
1536,typical,典型的な,形容詞
2789,ugly,醜い,形容詞
1718,unable,できない,形容詞
887,unclear,不明瞭な,形容詞
1594,unique,独特な,形容詞
2355,universal,普遍的な,形容詞
2043,unknown,未知の,形容詞
2039,unlikely,ありそうもない,形容詞
1873,unusual,普通でない,形容詞
1928,upper,上の,形容詞
1918,urban,都市の,形容詞
918,useful,役に立つ,形容詞
1385,usual,いつもの,形容詞
1898,valuable,貴重な、価値がある,形容詞
1779,variable,変わりやすい、可変の,形容詞
682,various,様々な,形容詞
1802,vast,極めて広い、広大な,形容詞
2424,violent,暴力的な、激しい,形容詞
2419,visible,目に見える,形容詞
2362,visual,視覚の,形容詞
2123,vital,必須の、不可欠な,形容詞
2756,voluntary,自発的な,形容詞
1021,warm,暖かい,形容詞
1685,weak,弱い,形容詞
2426,wealthy,富裕な,形容詞
2661,weekly,毎週の,形容詞
2771,weird,不気味な、異様な,形容詞
2152,western,西の,形容詞
2084,wet,濡れた,形容詞
482,white,白い,形容詞
310,whole,全体の、丸ごとの,形容詞
753,wide,広い,形容詞
1591,wild,野生の,形容詞
2577,wise,賢い、思慮深い,形容詞
1076,wonderful,素晴らしい、心躍る,形容詞
2544,wooden,木製の,形容詞
816,worth,価値がある,形容詞
575,wrong,間違った,形容詞
1827,yellow,黄色い,形容詞
238,young,若い,形容詞
278,although,?だけれども(文頭で使う),接続詞
3,and,そして、また,接続詞
62,because,?なので,接続詞
25,but,しかし,接続詞
34,if,もし?なら,接続詞
967,nor,?もまた?ない,接続詞
265,once,一旦?すると,接続詞
29,or,または,接続詞
69,than,?よりも,接続詞
227,though,?だけれども,接続詞
1005,unless,?でない限り,接続詞
2127,whenever,?するときはいつでも,接続詞
1372,whereas,?だが一方で,接続詞
2662,wherever,どこへ?しようとも,接続詞
273,whether,?かどうか,接続詞
155,while,?の間,接続詞
2553,whilst,?の間、=while,接続詞
440,above,?より上に,前置詞
383,across,?を横切って,前置詞
84,after,?の後で,前置詞
224,against,?に反対して,前置詞
388,along,?に沿って,前置詞
2766,alongside,?と並んで,前置詞
376,among,?の間に(3つ以上),前置詞
22,as,?として,前置詞
23,at,?で,前置詞
106,before,?の前に,前置詞
492,behind,後ろに,前置詞
761,below,?より下に,前置詞
2394,beneath,?のすぐ下に,前置詞
2115,beside,?のそばに,前置詞
1725,besides,?に加えて,前置詞
116,between,?の間に(2つ),前置詞
826,beyond,?の向こうに,前置詞
27,by,?によって,前置詞
771,despite,?にもかかわらず,前置詞
182,during,?の間に(期間),前置詞
841,except,?を除いて,前置詞
12,for,?のために,前置詞
26,from,?から,前置詞
7,in,?の中に,前置詞
660,inside,内側に,前置詞
73,into,?の中へ,前置詞
45,like,?のような,前置詞
4,of,?の,前置詞
17,on,?の上に(接している),前置詞
1404,onto,?の上へ,前置詞
82,over,?を越えて、?の上に,前置詞
373,per,?につき,前置詞
1256,plus,プラス,前置詞
191,since,?以来,前置詞
108,through,?を通して,前置詞
897,throughout,?の至る所に,前置詞
1571,till,?まで、=until,前置詞
5,to,?へ,前置詞
406,toward,?の方へ,前置詞
193,under,?の下に,前置詞
1737,unlike,?と違って,前置詞
255,until,?まで,前置詞
579,upon,?の上に、=on,前置詞
2482,versus,?に対して,前置詞
1734,via,?経由で,前置詞
18,with,?と一緒に,前置詞
285,within,?以内に,前置詞
212,without,?なしで,前置詞
1431,anybody,誰でもよい(口語),代名詞
754,anyone,誰でもよい(丁寧),代名詞
318,anything,何でもよい,代名詞
933,everybody,すべての人(口語),代名詞
650,everyone,すべての人(丁寧),代名詞
422,everything,すべてのこと,代名詞
11,he,彼,代名詞
996,herself,彼女自身,代名詞
458,himself,彼自身,代名詞
20,i,私,代名詞
9,it,それ,代名詞
538,itself,それ自身,代名詞
937,mine,私のもの,代名詞
669,myself,私自身,代名詞
1103,nobody,誰も?ない,代名詞
1014,none,どれも?ない,代名詞
336,nothing,何もない,代名詞
1615,ourselves,私たち自身,代名詞
24,she,彼女,代名詞
983,somebody,誰か(口語),代名詞
439,someone,誰か(丁寧),代名詞
138,something,何か,代名詞
480,themselves,彼ら自身,代名詞
13,they,彼らは,代名詞
16,we,私たちは,代名詞
51,what,何,代名詞
675,whatever,何でも,代名詞
39,which,どちら,代名詞
44,who,誰,代名詞
10,you,あなた,代名詞
813,yourself,あなた自身,代名詞
1965,abandon,捨てる,動詞
561,accept,受け入れる,動詞
1811,accompany,同行する,動詞
2456,accomplish,成し遂げる,動詞
522,accord,一致する、調和する,動詞
1755,accuse,非難する、告発する,動詞
746,achieve,達成する,動詞
1747,acknowledge,認める,動詞
1464,acquire,取得する,動詞
515,act,行動する、演技する,動詞
2372,adapt,適応する,動詞
414,add,加える,動詞
2208,adjust,調整する,動詞
2347,admire,感心する,動詞
1034,admit,(しぶしぶ)認める,動詞
1243,adopt,採用する、取り入れる,動詞
1172,advertise,宣伝する,動詞
1745,advise,忠告する、助言する,動詞
2316,advocate,提唱する,動詞
639,affect,影響を及ぼす,動詞
1488,afford,余裕がある,動詞
420,agree,同意する、賛成する,動詞
2562,allege,断言する,動詞
324,allow,許可する、させてあげる,動詞
2102,alter,(部分的に)変える,動詞
1524,amaze,感銘を受ける,動詞
1641,analyze,分析する,動詞
1004,announce,発表する,動詞
2335,anticipate,予期する、見込む,動詞
2301,apologize,謝る,動詞
1073,appeal,心に訴える、控訴する,動詞
405,appear,現れる、見える,動詞
611,apply,適用する、応募する,動詞
1788,appoint,任命する,動詞
1274,appreciate,ありがたく思う、高く評価する,動詞
495,approach,接近する,動詞
1575,approve,認可する,動詞
740,argue,議論する、言い争う,動詞
1629,arise,生じる,動詞
1266,arrange,手配する、整える,動詞
1498,arrest,逮捕する,動詞
588,arrive,到着する(自動詞),動詞
134,ask,尋ねる,動詞
1499,assess,査定する,動詞
2493,assign,割り当てる,動詞
2099,assist,手伝う、支援する,動詞
857,associate,連想する,動詞
870,assume,仮定する、決めつける,動詞
2064,assure,安心させる,動詞
1742,attach,取り付ける,動詞
632,attack,攻撃する,動詞
686,attempt,試みる、挑む,動詞
820,attend,出席する,動詞
1298,attract,引きつける,動詞
851,avoid,避ける,動詞
1706,ban,禁止する,動詞
2,be,である,動詞
455,bear,耐える,動詞
1035,beat,叩き続ける、打ち負かす,動詞
141,become,?になる,動詞
189,begin,始める(やや丁寧),動詞
2248,behave,振る舞う,動詞
225,believe,信じる,動詞
1412,belong,属する,動詞
2268,bend,曲げる,動詞
1958,bet,賭ける,動詞
2197,bid,入札する,動詞
1411,bind,縛る,動詞
2663,bite,噛む,動詞
1627,blame,責める,動詞
2601,bless,祝福する,動詞
1363,blow,吹く,動詞
2539,boost,高める、急増させる,動詞
1690,bore,退屈させる,動詞
1880,borrow,借りる,動詞
1844,bother,悩ませる,動詞
368,break,壊す,動詞
1914,breathe,呼吸する,動詞
2198,breed,繁殖させる,動詞
196,bring,持ってくる,動詞
2260,broadcast,放送する,動詞
221,build,建てる,動詞
1280,burn,燃える,動詞
2436,burst,破裂する,動詞
2406,bury,埋める,動詞
242,buy,買う,動詞
1925,calculate,計算する,動詞
105,call,呼ぶ,動詞
2390,cancel,中止する,動詞
1658,capture,捕獲する、撮影する,動詞
446,carry,運ぶ,動詞
1618,cast,投じる、配役する,動詞
683,catch,捕まえる,動詞
1608,celebrate,祝う,動詞
113,change,変える,動詞
2325,characterize,特徴づける,動詞
2706,chase,追跡する,動詞
2534,chat,おしゃべり,動詞
580,check,確認する、点検する,動詞
447,choose,選ぶ,動詞
2277,cite,(論文などを)引用する,動詞
501,claim,(正当に)主張する,動詞
842,clean,きれいにする,動詞
2514,click,クリックする,動詞
1434,climb,登る,動詞
239,close,閉める,動詞
1879,collapse,崩壊する,動詞
1069,collect,収集する,動詞
1244,combine,組み合わせる,動詞
65,come,来る,動詞
1714,command,命令する,動詞
1322,commit,犯す,動詞
1800,communicate,伝える、通信する,動詞
614,compare,比較する,動詞
1683,compete,競争する,動詞
1495,complain,不平を言う,動詞
581,complete,完成させる,動詞
1851,complicate,複雑にする,動詞
2579,compose,?から成る(受動態),動詞
2739,comprise,?から成る(他動詞),動詞
2455,compromise,妥協する,動詞
2769,compute,計算する(機械的に),動詞
1541,concentrate,集中する,動詞
1355,conclude,結論を下す,動詞
1054,conduct,行う、指揮する,動詞
1206,confirm,確認する,動詞
1919,confuse,混乱させる,動詞
1264,connect,接続する,動詞
295,consider,検討する,動詞
1547,consist,?のみで構成される,動詞
2357,constitute,構成する,動詞
1759,construct,建設する,動詞
2237,consult,相談する,動詞
2659,consume,消費する,動詞
663,contain,(物理的に)含む,動詞
308,continue,続ける,動詞
1238,contribute,貢献する,動詞
301,control,制御する,動詞
2110,convert,変換する、転換する,動詞
1358,convince,納得させる,動詞
1196,cook,料理する,動詞
1901,cope,対処する,動詞
2399,correspond,相当する、対応する,動詞
66,could,?できた,動詞
1022,count,数える,動詞
424,cover,覆う,動詞
1867,crash,衝突する,動詞
386,create,創造する,動詞
2296,criticize,批判する,動詞
975,cross,横切る,動詞
1202,cry,泣く,動詞
456,cut,切る,動詞
959,dance,踊る,動詞
2401,dare,あえて?する,動詞
321,deal,扱う、対応する,動詞
359,decide,決める,動詞
1634,declare,宣言する,動詞
1129,decline,衰える、お断りする,動詞
1420,decrease,減少する,動詞
2449,dedicate,(時間などを)捧げる,動詞
1886,defeat,打ち勝つ、克服する,動詞
1874,defend,守る,動詞
930,define,定義する,動詞
1310,delay,遅らせる,動詞
1971,delight,大喜びさせる,動詞
1064,deliver,配達する,動詞
570,demand,要求する,動詞
1272,demonstrate,実演する,動詞
1429,deny,否定する,動詞
731,depend,依存する、頼る,動詞
2313,deposit,預ける,動詞
2434,depress,落ち込む、凹ませる,動詞
1982,derive,得る、(能力を)引き出す,動詞
457,describe,描写する,動詞
1872,deserve,?に値する,動詞
441,design,設計する,動詞
1447,destroy,破壊する,動詞
2345,detect,検出する,動詞
708,determine,決定する,動詞
350,develop,発達させる,動詞
2120,devote,(愛などを)捧げる,動詞
454,die,死ぬ,動詞
1976,differ,異なる,動詞
2331,dig,掘る,動詞
2503,disagree,反対する,動詞
1665,disappear,消える,動詞
1853,disappoint,失望させる,動詞
946,discover,発見する,動詞
605,discuss,議論する、話し合う,動詞
2392,dismiss,解雇する,動詞
1109,display,展示する、表示する,動詞
1893,distinguish,区別する,動詞
1980,distribute,配布する,動詞
2272,disturb,乱す、妨げる,動詞
1316,divide,分割する,動詞
21,do,する,動詞
2003,dominate,支配する,動詞
2332,drag,引きずる,動詞
481,draw,描く,動詞
655,drink,飲む,動詞
387,drive,運転する,動詞
640,drop,落とす,動詞
926,earn,稼ぐ,動詞
476,eat,食べる,動詞
2311,edit,編集する,動詞
1993,educate,教育する,動詞
1578,elect,選出する,動詞
2082,eliminate,除去する、排除する,動詞
2464,embarrass,当惑させる,動詞
2472,embrace,抱きしめる,動詞
1211,emerge,現れる、現れ出る,動詞
1840,emphasize,(意識的に)強調する,動詞
1294,employ,(正社員など)雇う,動詞
1352,enable,可能にする、有効にする,動詞
1912,encounter,遭遇する,動詞
912,encourage,励ます,動詞
1299,engage,従事させる,動詞
1889,enhance,(質や価値を)高める,動詞
504,enjoy,楽しむ,動詞
1153,ensure,確実にする,動詞
717,enter,入る,動詞
2491,entertain,楽しませる,動詞
2304,entitle,資格を与える,動詞
1482,escape,逃げる,動詞
696,establish,設立する、確立する,動詞
999,estimate,見積もる,動詞
2139,evaluate,評価する、判定する,動詞
2536,evolve,進化する,動詞
1104,examine,調査する、試験をする,動詞
2508,exceed,超える,動詞
1015,exchange,交換する,動詞
1142,excite,興奮させる,動詞
2088,exclude,除外する,動詞
2669,exhaust,使い果たす,動詞
1996,exhibit,展示する、誇示する,動詞
593,exist,存在する,動詞
1321,expand,拡大する,動詞
314,expect,期待する,動詞
489,explain,説明する、解説する,動詞
1505,explore,探検する,動詞
1543,export,輸出する,動詞
1773,expose,さらす,動詞
818,express,表現する,動詞
950,extend,延長する,動詞
2647,extract,抽出する,動詞
2773,fade,色あせる,動詞
711,fail,失敗する,動詞
320,fall,落ちる,動詞
2124,fascinate,魅了する,動詞
1149,feed,餌をやる,動詞
117,feel,感じる,動詞
595,fight,戦う,動詞
845,fill,満たす,動詞
81,find,見つける,動詞
609,finish,終える,動詞
700,fit,合う,動詞
973,fix,直す,動詞
2416,float,浮く,動詞
1079,flow,流れる,動詞
881,fly,飛ぶ,動詞
2555,fold,折る,動詞
188,follow,従う,動詞
651,forget,忘れる,動詞
2807,found,設立する、創設する,動詞
1856,freeze,凍る,動詞
2196,frighten,(ひどく)怖がらせる,動詞
2447,fulfill,果たす、満たす,動詞
737,gain,得る、増す,動詞
1286,gather,集める、(自然に)集まる,動詞
2772,gaze,見つめる,動詞
1426,generate,生み出す,動詞
43,get,手に入れる,動詞
77,give,与える、贈る,動詞
2460,glance,ちらりと見る,動詞
31,go,行く,動詞
2471,govern,統治する,動詞
2303,grab,掴む,動詞
1548,graduate,卒業する,動詞
1147,grant,付与する,動詞
2614,greet,挨拶する,動詞
2797,grin,にっこり笑う,動詞
335,grow,成長する,動詞
1570,guarantee,保証する,動詞
901,guess,推測する、想像する,動詞
1146,guide,案内する,動詞
1041,handle,扱う、処理する,動詞
1085,hang,掛ける,動詞
236,happen,偶然起こる,動詞
1380,hate,憎む,動詞
8,have,持っている,動詞
178,hear,聞こえる,動詞
133,help,助ける,動詞
2631,hesitate,ためらう,動詞
1247,hide,隠す,動詞
1904,highlight,(視覚的に)強調する,動詞
1514,hire,(バイトなど)雇う,動詞
695,hit,打つ、命中させる,動詞
222,hold,持つ,動詞
1998,hunt,狩る,動詞
2683,hurry,急ぐ、急かす,動詞
1421,hurt,傷つける,動詞
805,identify,特定する、識別する,動詞
1446,ignore,無視する,動詞
1817,illustrate,説明する、図解する,動詞
924,imagine,想像する,動詞
1740,implement,実施する,動詞
1818,imply,暗示する、意味する,動詞
1613,import,輸入する,動詞
1723,impose,課す、負わす,動詞
2243,impress,感銘を与える,動詞
508,improve,改善する,動詞
163,include,(抽象的に)含む,動詞
2134,incorporate,組み入れる、取り入れる,動詞
230,increase,増加する,動詞
819,indicate,示す,動詞
1070,inform,知らせる,動詞
2496,injure,(事故などで)傷つける,動詞
1551,insist,主張する、言い張る,動詞
2092,inspire,鼓舞する,動詞
1924,install,設置する、導入する,動詞
2805,insure,保険をかける,動詞
1955,integrate,統合する,動詞
1114,intend,意図する、つもりである,動詞
2232,interpret,解釈する,動詞
772,introduce,紹介する,動詞
2627,invent,発明する,動詞
1366,invest,投資する,動詞
1533,investigate,調査する、捜査する,動詞
1028,invite,招待する,動詞
379,involve,巻き込む,動詞
2080,isolate,孤立させる,動詞
469,join,加わる,動詞
1324,jump,跳ぶ、跳ねる,動詞
2122,justify,正当化する,動詞
177,keep,保つ、取っておく,動詞
1730,kick,蹴る,動詞
533,kill,殺す,動詞
1814,knock,ノックする,動詞
41,know,知っている,動詞
620,laugh,笑う,動詞
1131,launch,開始する、発射する,動詞
1105,lay,置く、横たわる,動詞
241,lead,導く、指揮する,動詞
1974,lean,傾く、もたれる,動詞
2730,leap,大きく跳ぶ、跳躍する,動詞
261,learn,学ぶ,動詞
126,leave,去る,動詞
2305,lend,貸す,動詞
174,let,?させる、許可する,動詞
582,lie,嘘をつく,動詞
1167,lift,持ち上げる,動詞
573,listen,聴く,動詞
153,live,住む,動詞
1450,locate,位置を特定する,動詞
1604,lock,鍵をかける,動詞
75,look,見る、視線を向ける,動詞
305,lose,失う、負ける,動詞
229,love,愛する,動詞
943,maintain,維持する、主張する,動詞
48,make,作る,動詞
625,manage,経営する,動詞
1392,manufacture,製造する,動詞
2453,march,行進する,動詞
775,marry,結婚する,動詞
97,may,?かもしれない(50%),動詞
95,mean,意味する,動詞
532,measure,測る,動詞
135,meet,会う,動詞
564,mention,言及する、軽く触れる,動詞
159,might,?かもしれない(25%),動詞
645,miss,逃す,動詞
1029,mix,混ぜる,動詞
2484,modify,修正する,動詞
1377,monitor,監視する,動詞
2441,motivate,やる気にさせる,動詞
2333,mount,上がる、乗る,動詞
200,move,動く、引っ越す,動詞
160,must,?しなければならない,動詞
90,need,必要がある(主観的),動詞
2578,neglect,放置する、無視する,動詞
2002,negotiate,交渉する,動詞
664,notice,気づく,動詞
1098,observe,観察する,動詞
1930,occupy,占める,動詞
718,occur,起こる、頭に浮かぶ,動詞
237,offer,提供する、申し出る,動詞
214,open,開く,動詞
915,operate,操作する,動詞
1406,oppose,反対する,動詞
824,organize,組織する,動詞
1477,ought,?すべきである,動詞
2222,overcome,克服する,動詞
2053,owe,借りている、おかげである,動詞
1387,pack,梱包する,動詞
672,paint,塗る,動詞
1468,participate,参加する,動詞
416,pass,通る,動詞
649,pause,休止する,動詞
220,pay,支払う,動詞
2103,perceive,知覚する,動詞
935,perform,(演奏などを)行う,動詞
1589,permit,(公式に)許可する,動詞
2091,persuade,説得する,動詞
583,pick,(直感的に)選ぶ,動詞
2057,pitch,投げる,動詞
158,play,遊ぶ,動詞
471,please,喜ばせる,動詞
1289,pop,弾ける、爆ぜる,動詞
2207,pose,姿勢をとる,動詞
2413,possess,所有する,動詞
2135,pour,注ぐ,動詞
2473,praise,褒める,動詞
2639,pray,祈る,動詞
1561,predict,予測する,動詞
949,prefer,?よりも好む,動詞
604,prepare,準備する,動詞
1935,preserve,保存する,動詞
674,press,押す、圧力を加える,動詞
2560,pretend,ふりをする、演じる,動詞
1026,prevent,防ぐ、妨げる,動詞
1100,print,印刷する,動詞
1367,proceed,進む,動詞
417,produce,生産する,動詞
829,promise,約束する,動詞
1292,promote,促進する,動詞
877,propose,(積極的に)提案する,動詞
903,protect,保護する、守る,動詞
1708,protest,抗議する,動詞
748,prove,証明する,動詞
205,provide,提供する、準備する,動詞
799,pull,引く,動詞
1002,purchase,購入する,動詞
1784,pursue,追求する、追跡する,動詞
868,push,押す、押し開ける,動詞
139,put,置く、配置する,動詞
1823,qualify,資格を得る,動詞
1433,quote,引用する、書き写す,動詞
486,raise,上げる,動詞
380,reach,到着する(他動詞),動詞
2377,react,反応する,動詞
207,read,読む,動詞
554,realize,自覚する、悟る,動詞
1388,recall,思い出す,動詞
396,receive,受け取る,動詞
2701,reckon,計算する、推測する,動詞
733,recognize,認識する,動詞
1007,recommend,勧める,動詞
1631,recover,回復する,動詞
2087,recruit,募集する、採用する,動詞
584,reduce,減らす,動詞
866,refer,言及する、参照する,動詞
916,reflect,反射する,動詞
1209,refuse,拒絶する,動詞
511,regard,見なす、考える,動詞
1500,register,登録する,動詞
2391,regret,後悔する,動詞
2584,regulate,規制する,動詞
1703,reject,却下する,動詞
642,relate,関連づける,動詞
1485,relax,くつろぐ,動詞
786,release,解放する,動詞
1584,rely,頼る,動詞
374,remain,残る,動詞
1760,remark,述べる,動詞
351,remember,覚えている,動詞
1459,remind,思い出させる,動詞
1053,remove,取り去る,動詞
1878,repair,修理する,動詞
1253,repeat,繰り返す,動詞
994,replace,置き換える,動詞
1108,reply,返事をする,動詞
166,report,報告する,動詞
658,represent,代表する,動詞
1011,request,要請する,動詞
402,require,必要とする(客観的),動詞
2381,rescue,救助する,動詞
1688,reserve,予約する,動詞
2566,resign,辞職する,動詞
2396,resist,抵抗する,動詞
1777,resolve,解決する、解消する,動詞
681,respect,尊敬する,動詞
1116,respond,返答する,動詞
2100,restore,修復する、戻す,動詞
2046,restrict,制限する,動詞
1959,retain,保持する,動詞
1635,retire,退職する,動詞
337,return,戻る,動詞
1124,reveal,明らかにする,動詞
2203,reverse,逆にする,動詞
2688,revise,改訂する,動詞
2403,rid,取り除く,動詞
1050,ride,乗る,動詞
462,rise,上がる,動詞
1180,roll,転がる,動詞
2405,ruin,台無しにする,動詞
192,run,走る,動詞
1699,rush,急ぐ、殺到する,動詞
2116,sail,航海する,動詞
1154,satisfy,満足させる,動詞
566,save,救う、節約する,動詞
30,say,言う,動詞
2611,scan,検査する、見通す,動詞
2156,scare,怖がらせる,動詞
2162,scream,悲鳴を上げる,動詞
889,search,探す、捜す,動詞
50,see,見る、視界に入る,動詞
778,seek,探し求める,動詞
173,seem,?のように見える,動詞
1173,select,選ぶ、選び出す,動詞
418,sell,売る,動詞
323,send,送る,動詞
890,separate,分離する、隔離する,動詞
534,serve,奉仕する,動詞
185,set,配置する、設定する,動詞
1303,settle,落ち着く、定住する,動詞
1474,shake,振る,動詞
807,shall,?だろう,動詞
353,share,共有する,動詞
1190,shift,(方向などが)変わる,動詞
2632,shine,輝く,動詞
1003,shoot,撃つ,動詞
89,should,?すべきである,動詞
1666,shout,叫ぶ,動詞
110,show,見せる、示す,動詞
1775,shut,固く閉じる,動詞
2742,sigh,ため息をつく,動詞
873,sing,歌う,動詞
356,sit,座る,動詞
2728,situate,置く、位置づける,動詞
827,sleep,眠る,動詞
2746,slice,薄く切る,動詞
1897,slide,滑らかに動く,動詞
1810,slip,滑る、転ぶ,動詞
1791,smell,においがする,動詞
990,smile,微笑む,動詞
2731,snap,パチンと鳴らす,動詞
1221,solve,解決する、(問題を)解く,動詞
284,speak,話す、言葉を発する,動詞
2337,specialize,専門とする,動詞
2326,specify,指定する、明示する,動詞
1972,spell,綴る,動詞
258,spend,費やす、過ごす,動詞
2328,spin,回転する,動詞
1936,split,割る、裂く,動詞
1197,spread,広がる,動詞
309,stand,立つ,動詞
2106,stare,凝視する,動詞
136,start,始める,動詞
345,stay,滞在する、とどまる,動詞
1707,steal,盗む,動詞
2621,stimulate,刺激する,動詞
2740,stir,かき混ぜる,動詞
347,stop,止まる,動詞
2552,strengthen,強化する,動詞
1633,stretch,伸ばす、張る,動詞
776,strike,強く打つ,動詞
2240,strip,剥ぐ,動詞
1171,struggle,奮闘する,動詞
187,study,勉強する,動詞
2070,submit,提出する,動詞
2715,substitute,代用する,動詞
1586,succeed,成功する,動詞
838,suffer,苦しむ,動詞
329,suggest,(控えめに)提案する,動詞
2729,summarize,要約する,動詞
2716,supplement,補充、補足,名詞
814,supply,供給する,動詞
272,support,支持する,動詞
610,suppose,仮定する、想定する,動詞
634,surprise,驚かせる,動詞
1174,surround,囲む,動詞
1218,survive,生き残る,動詞
1490,suspect,疑う,動詞
2754,suspend,吊るす,動詞
2273,sustain,持続する、維持する,動詞
2735,swear,誓う,動詞
2136,sweep,掃く,動詞
1391,swim,泳ぐ,動詞
1937,swing,揺れる,動詞
1463,switch,切り替える,動詞
2506,tackle,取り組む,動詞
59,take,取る,動詞
137,talk,話す、話し合う,動詞
2297,tap,軽く叩く,動詞
1413,taste,味がする,動詞
539,teach,教える,動詞
103,tell,話す、伝える,動詞
843,tend,傾向がある,動詞
244,thank,感謝を伝える,動詞
47,think,思う,動詞
1521,threaten,脅かす、脅す,動詞
853,throw,投げる,動詞
1516,tie,結ぶ,動詞
1331,tire,疲れさせる,動詞
834,touch,触れる,動詞
1110,transfer,移す,動詞
2174,transform,一変させる,動詞
2310,translate,翻訳する,動詞
1210,transport,輸送する,動詞
503,travel,旅行する,動詞
804,treat,扱う、治療する,動詞
1075,trust,信頼する,動詞
125,try,試す,動詞
194,turn,回る、曲がる,動詞
2500,twist,ひねる,動詞
2557,undergo,経験する、受ける,動詞
2130,underlie,基礎となる、根底にある,動詞
243,understand,理解する,動詞
2036,undertake,引き受ける,動詞
2767,unite,結合する,動詞
1933,update,更新する,動詞
2025,upset,動揺させる、ひっくり返す,動詞
68,use,使う,動詞
1359,vary,変わる、多様にする,動詞
333,visit,訪問する,動詞
548,vote,投票する,動詞
403,wait,待つ,動詞
1508,wake,目覚める,動詞
339,walk,歩く,動詞
2747,wander,うろつく,動詞
76,want,欲しい,動詞
1132,warn,警告する,動詞
1368,wash,洗う,動詞
1246,waste,浪費する,動詞
326,watch,(動くものを)見る,動詞
526,wear,着る,動詞
1565,wed,結婚式を挙げる,動詞
2481,weigh,重さを量る,動詞
989,welcome,歓迎する,動詞
2595,whisper,ささやく,動詞
377,win,勝つ,動詞
2770,wipe,拭く,動詞
524,wish,願う,動詞
2163,withdraw,(お金を)引き出す,動詞
665,wonder,不思議に思う、?かなと思う,動詞
67,work,働く,動詞
653,worry,心配する,動詞
36,would,?だろう,動詞
2175,wound,(武器などで)傷つける,動詞
2334,wrap,包む,動詞
121,write,書く,動詞
1733,yield,産出する,動詞
37,about,約、?について,副詞
1883,abroad,海外へ(移動など),副詞
1078,absolutely,絶対に、完全に,副詞
291,actually,実際に,副詞
175,again,再び,副詞
372,ago,?前に,副詞
974,ahead,前方へ、先へ,副詞
307,almost,ほとんど,副詞
719,alone,一人で,副詞
302,already,すでに,副詞
72,also,?もまた、さらに,副詞
2678,altogether,完全に、合計で,副詞
183,always,いつも,副詞
2107,anymore,もはや,副詞
893,anyway,とにかく,副詞
1648,anywhere,どこでもよい,副詞
1121,apart,離れて、分かれて,副詞
1277,apparently,外見上は、どうやら,副詞
1902,approximately,およそ,副詞
170,around,周囲に,副詞
1944,aside,脇に,副詞
2521,automatically,自動的に,副詞
234,away,離れて(距離的に),副詞
2157,badly,ひどく,副詞
2626,barely,かろうじて,副詞
1435,basically,基本的に,副詞
2270,briefly,簡潔に,副詞
1386,carefully,注意深く,副詞
536,certainly,確かに(客観的),副詞
728,clearly,はっきりと,副詞
1731,closely,密接に,副詞
960,completely,完全に、完璧に,副詞
2549,consequently,結果として,副詞
2154,constantly,常に,副詞
1293,currently,現在は,副詞
2012,deeply,深く,副詞
1557,definitely,絶対に、明確に,副詞
2650,differently,異なって,副詞
1051,directly,直接に,副詞
109,down,下に,副詞
2524,dramatically,劇的に,副詞
969,easily,容易に,副詞
1842,effectively,効果的に,副詞
466,else,他に,副詞
1843,elsewhere,どこかよそで,副詞
1544,entirely,完全に、まったく,副詞
1772,equally,等しく,副詞
460,especially,特に、際立って,副詞
96,even,?でさえ,副詞
1140,eventually,結局は,副詞
317,ever,かつて、これまで,副詞
1744,everywhere,いたる所に,副詞
670,exactly,正確に,副詞
1257,extremely,極端に,副詞
1466,fairly,まあまあ、公平に,副詞
2791,faithfully,忠実に,副詞
499,finally,ついに,副詞
2635,firmly,固く,副詞
2665,firstly,第一に,副詞
2507,forever,永遠に,副詞
1860,forth,前方へ、外へ,副詞
452,forward,前方へ、前へ,副詞
1711,frequently,頻繁に,副詞
1178,fully,満タンに、十分に,副詞
1754,furthermore,さらに,副詞
848,generally,一般的に,副詞
2768,gently,優しく,副詞
2188,gradually,徐々に,副詞
2418,greatly,大いに,副詞
1340,hardly,ほとんど?ない,副詞
2119,heavily,激しく,副詞
2094,hence,それゆえに、今後,副詞
98,here,ここに,副詞
1074,highly,非常に,副詞
2615,hopefully,願わくば,副詞
93,how,どのように,副詞
203,however,しかしながら,副詞
988,immediately,すぐに、即座に,副詞
1612,increasingly,ますます、だんだん,副詞
697,indeed,実に、本当に,副詞
2146,initially,最初は,副詞
553,instead,代わりに,副詞
64,just,ちょうど,副詞
1564,largely,主として,副詞
2488,literally,文字通りに,副詞
1438,mainly,主に、大部分は,副詞
464,maybe,たぶん(50%),副詞
1753,meanwhile,その間に,副詞
1798,merely,単に、ただの?にすぎない,副詞
1403,moreover,そのうえ,副詞
1287,mostly,大部分は,副詞
2143,naturally,自然に,副詞
768,nearly,ほとんど、危うく,副詞
1509,necessarily,必ずしも,副詞
162,never,決して?ない,副詞
1560,nevertheless,それにもかかわらず,副詞
2278,newly,新しく,副詞
60,no,いいえ,副詞
1424,normally,通常は,副詞
14,not,?でない,副詞
70,now,今,副詞
2210,nowadays,今日では,副詞
2638,nowhere,どこにも?ない,副詞
886,obviously,明らかに,副詞
2289,occasionally,たまの機会に,副詞
150,off,離れて(接していた状態から),副詞
288,often,しばしば,副詞
74,only,?だけ,副詞
1943,originally,元来は,副詞
1056,otherwise,さもなければ,副詞
55,out,外へ,副詞
491,outside,外側で,副詞
601,particularly,特に、詳細に,副詞
1916,partly,一部分は,副詞
1888,perfectly,完全に、申し分なく,副詞
413,perhaps,ひょっとすると,副詞
1899,personally,個人的に,副詞
1347,possibly,たぶん(20%),副詞
2558,potentially,潜在的に,副詞
2342,precisely,緻密に,副詞
2600,presumably,おそらく、たぶん,副詞
1562,previously,以前に,副詞
1954,primarily,主に、本来は,副詞
328,probably,たぶん(80%),副詞
1726,properly,適切に,副詞
783,quickly,速く,副詞
2672,quietly,静かに,副詞
277,quite,かなり(予想以上),副詞
1968,rapidly,急速に,副詞
2149,rarely,めったに?ない,副詞
292,rather,むしろ,副詞
104,really,本当に,副詞
2718,reasonably,合理的に,副詞
638,recently,最近,副詞
2610,regardless,関係なく,副詞
2257,regularly,定期的に,副詞
1326,relatively,比較的,副詞
2018,respectively,それぞれ,副詞
2450,roughly,おおよそ,副詞
1946,secondly,第二に,副詞
1590,seriously,真面目に,副詞
1669,significantly,かなり、著しく,副詞
2247,similarly,同様に,副詞
626,simply,単に、単純に,副詞
1112,slightly,わずかに,副詞
1512,slowly,ゆっくりと,副詞
32,so,そのように、とても,副詞
1692,somehow,どういうわけか,副詞
444,sometimes,時々,副詞
1679,somewhat,いくらか,副詞
1320,somewhere,どこかに,副詞
325,soon,すぐに、近いうちに,副詞
1653,specifically,具体的に,副詞
119,still,まだ、今もなお,副詞
1545,strongly,強く,副詞
2749,subsequently,その後,副詞
2433,successfully,成功裏に,副詞
997,suddenly,急に,副詞
1676,surely,確かに(主観的),副詞
2646,surprisingly,驚くほど,副詞
71,then,その時,副詞
40,there,そこに,副詞
525,therefore,それゆえに,副詞
684,thus,したがって,副詞
246,today,今日,副詞
294,together,一緒に,副詞
726,tomorrow,明日,副詞
1414,tonight,今夜,副詞
118,too,?もまた、とても,副詞
1396,totally,完全に、全く,副詞
1825,truly,誠実に、真実として,副詞
1308,twice,2回,副詞
2006,typically,典型的に,副詞
2020,ultimately,結局,副詞
1269,unfortunately,残念ながら,副詞
52,up,上に,副詞
555,usually,普通は、いつもの,副詞
63,very,とても,副詞
2072,virtually,実質的に,副詞
61,well,よく、上手く,副詞
46,when,いつ,副詞
86,where,どこで,副詞
154,why,なぜ,副詞
1768,widely,広く,副詞
976,yeah,はい、そうだよね,副詞
703,yesterday,昨日,副詞
311,yet,まだ?ない,副詞
779,ability,能力,名詞
2542,abortion,中絶,名詞
1758,absence,欠席,名詞
1553,abuse,虐待,名詞
802,access,接近,名詞
1349,accident,事故,名詞
1903,accommodation,宿泊施設,名詞
436,account,口座、説明,名詞
2001,achievement,達成,名詞
2010,acquisition,取得,名詞
474,action,動作,名詞
432,activity,活動,名詞
1369,actor,俳優,名詞
1478,ad,広告(略),名詞
707,addition,追加,名詞
558,address,住所,名詞
2717,adjustment,調整,名詞
1046,administration,管理、政府,名詞
880,adult,大人,名詞
844,advance,前進、進歩,名詞
773,advantage,利点,名詞
2667,adventure,冒険,名詞
1941,advertisement,広告,名詞
1040,advice,忠告,名詞
2201,adviser,助言者,名詞
1448,affair,事件,名詞
948,afternoon,午後,名詞
282,age,年齢,名詞
970,agency,代理店,名詞
2030,agenda,議題,名詞
992,agent,代理人,名詞
785,agreement,合意,名詞
1305,aid,援助,名詞
794,aim,狙いを定めた目標,名詞
542,air,空気,名詞
1832,aircraft,航空機,名詞
2602,airline,航空会社,名詞
2271,alarm,警報,名詞
2181,album,アルバム,名詞
2214,alcohol,アルコール,名詞
2266,ally,味方,名詞
2603,amendment,修正,名詞
507,amount,(不可算名詞の)量,名詞
756,analysis,分析,名詞
2170,analyst,分析家,名詞
2140,anger,怒り,名詞
2338,angle,角度,名詞
587,animal,動物,名詞
2458,announcement,発表、宣言,名詞
355,answer,答え,名詞
2340,anxiety,不安,名詞
2168,apartment,アパート,名詞
1568,appearance,外見,名詞
884,application,応用、申し込み,名詞
1839,appointment,予約,名詞
2302,approval,承認,名詞
2427,architecture,建築,名詞
204,area,場所、区画,名詞
879,argument,議論、口論,名詞
621,arm,腕,名詞
1418,army,軍隊、陸軍,名詞
1460,arrangement,配置,名詞
2058,arrival,到着,名詞
646,art,芸術,名詞
630,article,記事,名詞
1183,artist,芸術家,名詞
1475,assessment,評価、客観的な査定,名詞
1501,asset,資産,名詞
2015,assistance,支援,名詞
1739,assistant,助手,名詞
1595,association,協会,名詞
1855,assumption,想定,名詞
2759,athlete,運動選手,名詞
1579,atmosphere,雰囲気,名詞
2794,attachment,添付,名詞
2751,attendance,出席,名詞
578,attention,注意,名詞
1094,attitude,態度,名詞
2670,attraction,魅力、施設,名詞
2300,attribute,属性,名詞
1166,audience,聴衆、観客,名詞
2781,aunt,おば,名詞
910,author,著者,名詞
2792,autumn,秋,名詞
1341,award,(芸術などの)賞,名詞
2423,awareness,意識,名詞
871,baby,赤ちゃん,名詞
1223,background,背景,名詞
1252,bag,バッグ,名詞
907,balance,均衡,名詞
1201,ball,ボール,名詞
1087,band,楽団,名詞
627,bank,銀行,名詞
837,bar,棒,名詞
2402,barrier,障壁,名詞
327,base,土台,名詞
909,basis,基礎、基準,名詞
2294,bath,風呂,名詞
1337,battle,戦闘,名詞
1297,beach,浜辺,名詞
1922,beauty,美しさ,名詞
694,bed,ベッド,名詞
1432,bedroom,寝室,名詞
2062,beer,ビール,名詞
706,behavior,振る舞い,名詞
1456,belief,信念,名詞
2691,bell,鐘,名詞
2622,belt,ベルト,名詞
543,benefit,利益、恩恵,名詞
2649,bias,偏見,名詞
1979,bike,自転車,名詞
888,bill,請求書,名詞
2556,bin,ゴミ箱,名詞
1271,bird,鳥,名詞
1526,birth,誕生,名詞
352,bit,少し,名詞
1020,block,ブロック,名詞
2808,blog,ブログ,名詞
1018,blood,血,名詞
741,board,板,名詞
1304,boat,ボート,名詞
401,body,体,名詞
1417,bomb,爆弾,名詞
1513,bond,絆,名詞
1836,bone,骨,名詞
171,book,本,名詞
2545,boom,好況,名詞
2282,boot,ブーツ,名詞
1473,border,境界,名詞
1854,boss,上司、親分,名詞
1614,bottle,瓶,名詞
1242,bottom,底,名詞
2159,boundary,境界線,名詞
2291,bowl,鉢,名詞
861,box,箱,名詞
510,boy,男の子,名詞
1235,brain,脳,名詞
1407,branch,枝,名詞
1549,brand,銘柄,名詞
2262,bread,パン,名詞
1819,breakfast,朝食,名詞
1900,breast,胸の前部,名詞
1611,breath,呼吸,名詞
1546,bridge,橋,名詞
821,brother,兄,名詞
2463,brush,ブラシ,名詞
1016,budget,予算,名詞
2612,bunch,束,名詞
2286,burden,負担,名詞
810,bus,バス,名詞
211,business,仕事、商売,名詞
2285,button,ボタン,名詞
2438,buyer,買い手,名詞
2076,cable,ケーブル,名詞
2173,cake,ケーキ,名詞
1390,camera,カメラ,名詞
1165,camp,キャンプ,名詞
647,campaign,(組織的な)運動,名詞
38,can,缶,名詞
1357,cancer,がん,名詞
977,candidate,候補者,名詞
2374,cap,縁のない帽子,名詞
2397,capability,能力、潜在能力,名詞
1472,capacity,容量,名詞
789,capital,首都,名詞
260,car,車,名詞
2583,carbon,炭素,名詞
781,card,カード,名詞
313,care,世話,名詞
892,career,キャリア,名詞
2680,carpet,カーペット,名詞
168,case,場合,名詞
1339,cash,現金,名詞
2673,castle,城,名詞
1678,cat,猫,名詞
2651,catalog,カタログ,名詞
1192,category,カテゴリー,名詞
319,cause,原因,名詞
2477,celebration,祝いたい,名詞
629,cell,細胞,名詞
749,cent,セント,名詞
334,center,中心,名詞
591,century,世紀,名詞
2517,ceremony,儀式,名詞
1518,chain,鎖,名詞
1060,chair,椅子,名詞
1662,chairman,議長,名詞
766,challenge,挑戦,名詞
2531,chamber,会議室,名詞
2446,champion,優勝者,名詞
2640,championship,選手権,名詞
560,chance,機会,名詞
1532,channel,チャンネル,名詞
1275,chapter,章,名詞
693,character,性格,名詞
498,charge,料金、サービス料,名詞
2354,charity,慈善,名詞
2376,charm,魅力、愛嬌,名詞
1741,chart,図表,名詞
2793,cheek,ほお,名詞
2585,cheese,チーズ,名詞
2468,chest,(胴体としての)胸,名詞
2339,chicken,鶏,名詞
102,child,子供,名詞
1808,childhood,子供時代,名詞
1910,chip,チップ,名詞
2620,chocolate,チョコレート,名詞
565,choice,選択,名詞
744,church,教会,名詞
2356,cigarette,タバコ,名詞
1712,circle,円,名詞
1229,circumstance,状況、やむ負えない事情,名詞
1451,citizen,市民,名詞
269,city,都市,名詞
2607,civilian,民間人,名詞
362,class,学級、階級,名詞
2529,clause,条項,名詞
1906,climate,気候,名詞
932,clock,時計,名詞
956,clothes,服,名詞
2535,clothing,衣類,名詞
2090,cloud,雲,名詞
760,club,クラブ,名詞
2681,cluster,(密集した)房、塊,名詞
1342,coach,コーチ,名詞
2430,coal,石炭,名詞
1728,coast,海岸,名詞
1863,coat,上着(防寒),名詞
1346,code,暗号,名詞
1395,coffee,コーヒー,名詞
2609,coin,硬貨,名詞
1251,colleague,同僚,名詞
1084,collection,収集,名詞
739,college,(規模の小さい)大学,名詞
378,color,色,名詞
1721,column,列,名詞
1552,combination,組み合わせ,名詞
2705,comedy,喜劇,名詞
1945,comfort,快適さ,名詞
716,comment,コメント,名詞
1593,commission,委託団,名詞
1507,commitment,約束,名詞
1038,committee,委員会,名詞
991,communication,通信、伝達,名詞
465,community,共同体,名詞
107,company,会社,名詞
1581,comparison,比較,名詞
2479,compensation,補償,名詞
875,competition,(技術や質の)競争,名詞
2213,competitor,競合,名詞
1689,complaint,苦情,名詞
2644,complexity,複雑さ,名詞
1487,component,構成要素,名詞
2608,composition,構成,名詞
2380,compound,化合物,名詞
429,computer,コンピューター,名詞
1870,concentration,集中,名詞
1213,concept,概念、構想,名詞
303,concern,心配,名詞
1382,concert,コンサート,名詞
931,conclusion,結論,名詞
445,condition,条件,名詞
812,conference,会議,名詞
1493,confidence,自信,名詞
1184,conflict,紛争,名詞
2682,confusion,混乱,名詞
1066,connection,接続,名詞
1228,consequence,重大な結果(否定的),名詞
1344,consideration,検討,名詞
2554,constraint,制約,名詞
1400,construction,建設,名詞
2359,consultant,顧問,名詞
1133,consumer,消費者,名詞
600,contact,接触,名詞
1025,content,内容,名詞
2462,contest,コンテスト,名詞
1049,context,文脈,名詞
714,contract,契約,名詞
1179,contrast,対照,名詞
1273,contribution,貢献,名詞
1957,convention,慣習,名詞
982,conversation,会話,名詞
2606,cooperation,協力,名詞
1037,copy,写し,名詞
1830,core,核心,名詞
1188,corner,曲がり角、隅,名詞
1909,corporation,株式会社,名詞
252,cost,費用、犠牲,名詞
2774,cough,咳,名詞
1422,council,公的な会議,名詞
2407,counsel,助言,名詞
143,country,国,名詞
1736,county,郡,名詞
514,couple,一組、夫婦,名詞
164,course,課程,名詞
615,court,裁判所,名詞
2361,cousin,いとこ,名詞
2074,coverage,報道、範囲,名詞
2551,cow,雌牛,名詞
2068,crack,ひび,名詞
2567,craft,工芸,名詞
2388,cream,クリーム,名詞
1929,creation,創造,名詞
2526,creature,生き物,名詞
944,credit,信用,名詞
2095,crew,乗組員,名詞
1128,crime,犯罪,名詞
1724,criminal,犯人,名詞
1302,crisis,危機,名詞
1953,criteria,基準,名詞
1778,critic,批評家,名詞
1956,criticism,批判,名詞
1986,crop,作物,名詞
1187,crowd,群衆,名詞
568,culture,文化,名詞
1491,cup,カップ,名詞
2144,currency,通貨,名詞
2778,curtain,カーテン,名詞
2220,curve,曲線,名詞
2371,custom,慣習,名詞
487,customer,顧客,名詞
1394,cycle,周期,名詞
1632,dad,お父さん,名詞
908,damage,損害,名詞
1416,danger,危険、危害,名詞
2780,darkness,暗闇,名詞
556,data,データ,名詞
2145,database,データベース,名詞
483,date,日付,名詞
927,daughter,娘,名詞
85,day,日,名詞
2284,dealer,販売業者,名詞
505,death,死,名詞
938,debate,論争、討論,名詞
1624,debt,借金,名詞
1130,decade,10年間,名詞
449,decision,決定,名詞
1194,defense,防衛,名詞
2483,deficit,赤字,名詞
1577,definition,定義,名詞
798,degree,度,名詞
1428,delivery,配達,名詞
1864,democracy,民主主義,名詞
2169,demonstration,実演、デモ,名詞
2788,density,密度,名詞
736,department,部門,名詞
2128,depression,憂鬱、不況,名詞
2224,depth,深さ,名詞
1492,description,描写,名詞
2287,desert,砂漠,名詞
2178,designer,設計者,名詞
1291,desire,願望,名詞
1588,desk,(個人で使う)机,名詞
2588,destruction,破壊,名詞
472,detail,詳細,名詞
2677,determination,決意,名詞
363,development,発達,名詞
1525,device,装置,名詞
2387,dialog,対話,名詞
1847,diet,食習慣,名詞
473,difference,違い,名詞
1001,difficulty,困難,名詞
2250,dimension,寸法,名詞
1117,dinner,夕食,名詞
952,direction,方向,名詞
727,director,監督,名詞
2117,disaster,災害,名詞
1852,discipline,規律,名詞
1660,discount,割引,名詞
2292,discovery,発見,名詞
764,discussion,議論、話し合い,名詞
906,disease,病気、疾患,名詞
1882,dish,大皿,名詞
1829,disk,ディスク,名詞
2165,disorder,無秩序,名詞
2029,dispute,論争、紛争,名詞
1145,distance,距離,名詞
2132,distinction,区別,名詞
1329,district,地区,名詞
2561,diversity,(社会的な)多様性,名詞
1522,division,分割,名詞
2404,divorce,離婚,名詞
763,doctor,医者,名詞
882,document,文書,名詞
895,dog,犬,名詞
971,dollar,ドル,名詞
490,door,ドア,名詞
874,doubt,疑い,名詞
1765,dozen,ダース,名詞
1809,draft,下書き,名詞
1991,drama,劇,名詞
966,dream,夢,名詞
899,dress,ドレス,名詞
1200,driver,運転手,名詞
721,drug,薬、麻薬,名詞
2448,dust,埃,名詞
1262,duty,義務、職務,名詞
1664,ear,耳,名詞
1288,earth,地球,名詞
2061,ease,容易さ,名詞
1749,east,東,名詞
699,economy,経済,名詞
1164,edge,端,名詞
2032,edition,(本などの)版,名詞
1423,editor,編集者,名詞
531,education,教育,名詞
315,effect,効果,名詞
2254,efficiency,効率,名詞
577,effort,努力,名詞
1381,egg,卵,名詞
757,election,選挙,名詞
2014,electricity,電気,名詞
1030,element,要素,名詞
1169,email,電子メール,名詞
1891,emergency,緊急事態,名詞
1783,emotion,感情,名詞
2031,emphasis,強調、重点,名詞
2748,empire,帝国,名詞
624,employee,従業員,名詞
1702,employer,雇い主,名詞
1607,employment,雇用,名詞
152,end,終わり,名詞
1787,enemy,敵,名詞
831,energy,エネルギー,名詞
1617,engine,エンジン,名詞
1312,engineer,技師,名詞
2051,enterprise,事業体、会社,名詞
2034,entertainment,娯楽,名詞
2225,entrance,入り口,名詞
1655,entry,入場,名詞
2656,envelope,封筒,名詞
712,environment,環境,名詞
2067,episode,エピソード,名詞
2489,equation,等式,名詞
1055,equipment,備品,名詞
2073,era,時代,名詞
1497,error,誤り,名詞
2161,essay,随筆,名詞
2317,establishment,設立,名詞
1771,estate,私有地、遺産,名詞
2454,evaluation,評価、判定,名詞
679,evening,晩,名詞
442,event,行事,名詞
592,evidence,証拠,名詞
2422,evolution,進化,名詞
2244,exam,試験,名詞
1966,examination,試験(正式名称),名詞
235,example,例、見本,名詞
1908,exception,例外,名詞
2643,excess,過剰,名詞
2741,excitement,興奮,名詞
1915,excuse,言い訳,名詞
1059,executive,役員,名詞
917,exercise,(体の)運動,名詞
1803,exhibition,展示会,名詞
1835,existence,存在、実在,名詞
2153,expansion,拡大,名詞
1606,expectation,期待,名詞
2509,expenditure,支出,名詞
1531,expense,費用、経費,名詞
264,experience,経験,名詞
1343,experiment,実験,名詞
1157,expert,達人,名詞
1628,explanation,説明,名詞
2307,exposure,露出,名詞
1255,expression,表現,名詞
2186,extension,延長,名詞
1175,extent,程度,名詞
391,eye,目,名詞
249,face,顔,名詞
953,facility,施設,名詞
202,fact,事実,名詞
636,factor,要因,名詞
1530,factory,工場,名詞
1239,failure,失敗,名詞
1686,faith,信仰,名詞
172,family,家族,名詞
1306,fan,扇風機,名詞
2532,fancy,空想,名詞
1083,farm,農場,名詞
1580,farmer,農夫,名詞
1415,fashion,流行,名詞
448,father,父,名詞
1995,fault,欠点,名詞
1134,favor,好意,名詞
793,fear,恐怖,名詞
635,feature,特徴,名詞
1479,fee,料金、謝礼,名詞
1656,fellow,同輩,名詞
2668,fence,垣根,名詞
2215,festival,祭り,名詞
2679,fiction,作り話,名詞
540,field,分野,名詞
357,figure,数字,名詞
835,file,ファイル,名詞
433,film,(芸術的な)映画,名詞
2719,filter,フィルター,名詞
1379,finance,財政,名詞
1503,finger,指,名詞
613,fire,火,名詞
628,firm,事務所,名詞
828,fish,魚,名詞
2590,flag,旗,名詞
2485,flash,閃光,名詞
1219,flight,飛行,名詞
2274,flood,洪水,名詞
751,floor,床,名詞
1301,flower,花,名詞
550,focus,焦点,名詞
1675,folk,(親しみのある)人々,名詞
367,food,食べ物,名詞
2765,fool,愚か者,名詞
576,foot,足,名詞
1217,football,フットボール,名詞
346,force,力、電力、出力,名詞
2369,forecast,予報,名詞
1527,forest,森,名詞
257,form,形,名詞
2469,format,形式、枠組み,名詞
2312,formation,形成,名詞
2101,formula,公式,名詞
2516,fortune,宿命、財産,名詞
2177,foundation,(物理的な)基礎,名詞
2784,fragment,(不完全な)断片,名詞
1511,frame,枠,名詞
2044,framework,枠組み,名詞
1399,freedom,自由,名詞
2295,frequency,頻度,名詞
208,friend,友達,名詞
2486,friendship,友情,名詞
488,front,前部,名詞
1640,fruit,果物,名詞
1605,fuel,燃料,名詞
902,fun,楽しみ,名詞
702,function,機能,名詞
527,fund,資金,名詞
2166,furniture,家具,名詞
370,future,未来,名詞
2465,gallery,画廊,名詞
393,game,ゲーム,名詞
1767,gap,隙間,名詞
972,garden,(整えられた)庭,名詞
1189,gas,気体,名詞
2060,gate,門,名詞
2513,gear,歯車,名詞
2280,gender,性別,名詞
1948,gene,遺伝子,名詞
998,generation,世代,名詞
1990,gentleman,紳士,名詞
2490,gesture,身振り,名詞
2227,giant,巨人,名詞
1427,gift,贈り物,名詞
463,girl,女の子,名詞
1042,glass,ガラス,名詞
856,goal,最終目標,名詞
2228,god,神,名詞
1453,gold,金,名詞
2478,golf,ゴルフ,名詞
216,government,政府,名詞
2054,governor,知事,名詞
1559,grade,学年,名詞
2727,grain,穀物,名詞
2687,grammar,文法,名詞
2604,grandmother,祖母,名詞
2193,grass,草,名詞
586,ground,地面,名詞
167,group,集団,名詞
678,growth,成長,名詞
1677,guard,警備員,名詞
1430,guest,客,名詞
2655,guideline,指針,名詞
2589,guitar,ギター,名詞
1442,gun,銃,名詞
701,guy,男、奴,名詞
1828,habit,習慣、癖,名詞
913,hair,髪,名詞
365,half,半分,名詞
1480,hall,廊下,名詞
198,hand,手,名詞
2697,happiness,幸福,名詞
2704,harbor,港,名詞
2236,harm,害,名詞
1750,hat,縁のある帽子,名詞
259,head,頭,名詞
475,health,健康,名詞
622,heart,心臓,名詞
1141,heat,熱,名詞
2150,height,高さ,名詞
1743,hell,地獄,名詞
2108,hero,英雄,名詞
1670,hill,丘,名詞
2689,hint,ヒント,名詞
2360,historian,歴史家,名詞
385,history,歴史,名詞
2795,holder,保持者,名詞
1515,hole,穴,名詞
742,holiday,休日,名詞
161,home,家、家庭,名詞
1625,honor,名誉,名詞
2690,hook,フック,名詞
250,hope,希望,名詞
1139,horse,馬,名詞
782,hospital,病院,名詞
1327,host,主人、司会者,名詞
759,hotel,ホテル,名詞
247,hour,1時間(単位),名詞
165,house,家、家屋,名詞
1746,household,世帯,名詞
2573,humor,ユーモア,名詞
2804,hunger,飢え,名詞
801,husband,夫,名詞
2775,hypothesis,仮説,名詞
1554,ice,氷,名詞
251,idea,考え,名詞
1587,identity,身元,名詞
1938,illness,病気、病状,名詞
2435,illustration,図解,名詞
704,image,画像,名詞
2502,imagination,想像力,名詞
2642,immigrant,移民,名詞
2786,immigration,移住,名詞
2648,implementation,実施,名詞
1871,implication,意味合い、暗示,名詞
1144,importance,重要さ,名詞
1717,impression,印象,名詞
1226,improvement,改善,名詞
2385,incentive,動機,名詞
2048,inch,インチ,名詞
1807,incident,出来事,名詞
920,income,収入,名詞
2233,independence,独立,名詞
1709,index,索引,名詞
2575,indication,兆候,名詞
530,industry,産業,名詞
2330,infant,幼児,名詞
2252,infection,感染,名詞
2494,inflation,インフレ,名詞
680,influence,影響,名詞
213,information,情報,名詞
1845,initiative,主導権,名詞
1801,injury,負傷,名詞
2180,innovation,革新,名詞
2079,input,入力,名詞
2565,inquiry,問い合わせ,名詞
2505,insight,洞察,名詞
864,instance,例、事例,名詞
1137,institution,機関,名詞
1672,instruction,指示,名詞
1596,instrument,器具,名詞
1314,insurance,保険,名詞
1673,intelligence,知能,名詞
1764,intention,意図,名詞
1877,interaction,相互作用、交流,名詞
142,interest,興味,名詞
2636,interior,内部,名詞
1989,interpretation,解釈,名詞
2242,intervention,介入,名詞
784,interview,面接,名詞
1203,introduction,紹介、導入,名詞
1318,investigation,調査、操作,名詞
822,investment,投資,名詞
1597,investor,投資家,名詞
2194,invitation,招待,名詞
2306,involvement,関与,名詞
2259,iron,鉄,名詞
1214,island,島,名詞
218,issue,問題、課題,名詞
747,item,項目,名詞
2253,jacket,上着(軽い),名詞
2580,jail,留置所、刑務所,名詞
231,job,仕事、職,名詞
1682,joint,関節,名詞
1719,joke,冗談,名詞
2429,journal,日誌,名詞
1939,journalist,(報道活動の)表現者,名詞
1621,journey,旅,名詞
2510,joy,歓喜,名詞
995,judge,裁判官,名詞
1573,judgment,判断,名詞
2605,jury,陪審,名詞
1696,justice,正義,名詞
659,key,鍵,名詞
529,kid,子供、ガキ,名詞
1876,king,王,名詞
1680,kiss,キス,名詞
1307,kitchen,台所,名詞
2221,knee,膝,名詞
2657,knife,ナイフ,名詞
619,knowledge,知識,名詞
1528,label,ラベル,名詞
1160,labor,労働,名詞
2442,laboratory,実験室,名詞
729,lack,不足,名詞
1261,lady,(品位ある)婦人,名詞
1822,lake,湖,名詞
497,land,土地,名詞
1992,landscape,風景,名詞
360,language,言語,名詞
2011,laughter,笑い,名詞
421,law,法律、法則,名詞
1489,lawyer,弁護士,名詞
2024,layer,層,名詞
596,leader,指導者,名詞
1506,leadership,指導力,名詞
2386,league,連盟,名詞
2733,leather,革,名詞
2378,lecture,講義,名詞
1097,leg,脚,名詞
1735,legislation,法律、立法,名詞
1317,length,長さ,名詞
1234,lesson,授業、教訓,名詞
358,letter,手紙,名詞
262,level,水準,名詞
2645,liability,負債,名詞
1162,library,図書館,名詞
1583,license,免許,名詞
111,life,命,名詞
572,limit,制限、上限,名詞
2574,limitation,限界,名詞
274,line,線,名詞
770,link,関連,名詞
2299,lip,唇,名詞
2692,liquid,液体,名詞
523,list,一覧,名詞
2785,listener,(ラジオなどの)聴衆,名詞
1519,literature,文学,名詞
1455,load,荷物,名詞
1576,loan,ローン,名詞
1365,location,位置、所在地,名詞
2226,log,丸太,名詞
2684,logic,論理,名詞
806,loss,紛失,名詞
123,lot,たくさん,名詞
2711,lover,恋人,名詞
1934,luck,運,名詞
1334,lunch,昼食,名詞
2660,luxury,贅沢,名詞
745,machine,機械,名詞
985,magazine,雑誌,名詞
2592,magic,魔法,名詞
1643,mail,郵便物,名詞
2548,maintenance,維持,名詞
1009,majority,大多数,名詞
2619,maker,製作者,名詞
112,man,男性,名詞
692,management,経営,名詞
661,manager,経営者,名詞
1441,manner,やり方、行儀,名詞
1896,manufacturer,製造業者,名詞
1212,map,地図,名詞
2393,margin,余白,名詞
743,mark,印,名詞
219,market,市場,名詞
1248,marriage,結婚,名詞
1236,mass,塊,名詞
1556,master,主人、達人,名詞
850,match,試合,名詞
2288,mate,相棒,名詞
571,material,材料,名詞
1927,mathematics,数学,名詞
340,matter,問題、物質,名詞
2779,mayor,市長,名詞
1250,meal,食事,名詞
2431,measurement,測定,名詞
1869,meat,肉,名詞
1862,mechanism,仕組み,名詞
1761,medicine,治療のための薬,名詞
689,medium,中間,名詞
266,member,会員,名詞
2261,membership,会員資格,名詞
939,memory,記憶,名詞
2597,menu,献立,名詞
2382,mess,散らかしたもの,名詞
863,message,伝言,名詞
1834,metal,金属,名詞
2112,meter,メートル,名詞
755,method,方法,名詞
777,mile,マイル,名詞
1789,milk,牛乳,名詞
341,mind,心,名詞
1437,minister,大臣,名詞
1987,minority,少数派,名詞
366,minute,分,名詞
2205,mirror,鏡,名詞
1691,mission,任務,名詞
1152,mistake,間違い,名詞
2520,mixture,混合物,名詞
2204,mode,様式,名詞
485,model,模型,名詞
2790,module,モジュール,名詞
2131,mom,ママ,名詞
397,moment,瞬間,名詞
201,money,お金,名詞
209,month,1月(単位),名詞
2066,mood,気分,名詞
2599,moon,月(天体),名詞
434,morning,朝,名詞
2443,mortgage,住宅ローン,名詞
338,mother,母,名詞
1848,motion,動作,名詞
2633,motivation,動機づけ,名詞
2410,motor,モーター,名詞
1245,mountain,山,名詞
1926,mouse,(ペットの)ネズミ,名詞
1439,mouth,口,名詞
803,movement,動き、活動,名詞
762,movie,(娯楽としての)映画,名詞
1376,murder,殺人,名詞
2155,muscle,筋肉,名詞
1397,museum,博物館,名詞
392,music,音楽,名詞
2350,musician,音楽家,名詞
2593,mystery,謎,名詞
206,name,名前,名詞
2624,narrative,物語、語り、話術,名詞
767,nation,国家,名詞
666,nature,自然,名詞
1952,neck,首,名詞
1861,negotiation,交渉,名詞
1222,neighbor,隣人,名詞
1694,neighborhood,近所,名詞
2676,nerve,神経,名詞
1191,net,網,名詞
847,network,ネットワーク,名詞
546,news,ニュース,名詞
929,newspaper,新聞,名詞
270,night,夜,名詞
1440,noise,騒音,名詞
1205,north,北,名詞
2114,nose,鼻,名詞
384,note,メモ,名詞
1619,notion,意見、思いつき,名詞
2799,noun,名詞,名詞
1278,novel,小説,名詞
127,number,数,名詞
1315,nurse,看護師,名詞
942,object,物体,名詞
1402,objective,到達目標,名詞
2137,obligation,(法や契約による)義務,名詞
1868,observation,観察,名詞
1444,occasion,出来事、行事,名詞
2671,ocean,海洋,名詞
2344,offense,違反,名詞
343,office,事務所,名詞
896,officer,将校,名詞
898,oil,油,名詞
2461,opera,オペラ,名詞
849,operation,操作,名詞
2329,operator,操作員,名詞
656,opinion,意見,名詞
2395,opponent,相手,名詞
520,opportunity,好機,名詞
1622,opposition,反対,名詞
860,option,選択肢,名詞
2499,orange,オレンジ,名詞
215,order,命令,名詞
512,organization,団体,名詞
1988,origin,起源,名詞
1626,outcome,結末,名詞
1931,outline,概要,名詞
1921,output,出力,名詞
1258,owner,所有者,名詞
2752,ownership,所有権,名詞
2118,pace,歩調,名詞
1319,package,包み,名詞
652,page,ページ,名詞
1150,pain,苦痛,名詞
1092,pair,一対,名詞
1837,panel,パネル,名詞
2693,panic,パニック,名詞
425,paper,紙,名詞
2618,paragraph,段落,名詞
297,parent,親,名詞
657,park,公園,名詞
130,part,部分,名詞
1650,participant,参加者,名詞
2528,participation,参加,名詞
1136,partner,相棒,名詞
2527,partnership,協力関係,名詞
299,party,政党,名詞
1858,passage,通路,名詞
1695,passenger,乗客,名詞
2445,passion,情熱,名詞
330,past,過去,名詞
1295,path,小道,名詞
883,pattern,模様,名詞
1268,payment,支払い,名詞
1126,peace,平和,名詞
1661,peak,頂点,名詞
2007,peer,仲間,名詞
2320,pen,ペン,名詞
2530,penalty,刑罰,名詞
2008,pension,年金,名詞
57,people,人々,名詞
549,percent,パーセント,名詞
1125,percentage,百分率,名詞
2142,perception,認識、知覚,名詞
559,performance,遂行,名詞
382,period,期間、時代,名詞
2414,permission,許可,名詞
263,person,人,名詞
1652,personality,個性,名詞
2501,personnel,人事、全職員,名詞
1496,perspective,視点,名詞
1697,phase,段階,名詞
2096,phenomenon,現象,名詞
2298,philosophy,哲学,名詞
479,phone,電話(日常語),名詞
1208,photo,写真,名詞
1182,photograph,写真(正式名称),名詞
1795,phrase,句,名詞
2591,piano,ピアノ,名詞
509,picture,写真、画像,名詞
608,piece,断片、一部,名詞
2519,pig,豚,名詞
2518,pile,積み重ね,名詞
1796,pilot,操縦士,名詞
2587,pipe,硬い管,名詞
114,place,場所,名詞
232,plan,計画,名詞
1259,plane,飛行機,名詞
2219,planet,惑星,名詞
671,plant,植物,名詞
1850,plastic,プラスチック,名詞
1705,plate,取り皿,名詞
2171,platform,演壇,名詞
715,player,選手,名詞
1283,pleasure,喜び,名詞
1951,plot,筋書き,名詞
1865,pocket,ポケット,名詞
2211,poem,詩,名詞
2515,poet,詩人,名詞
2533,poetry,詩、詩的な精神,名詞
131,point,点,名詞
616,police,警察,名詞
399,policy,政策,名詞
1812,politician,政治家,名詞
1107,politics,政治,名詞
1684,poll,世論調査,名詞
2164,pollution,汚染,名詞
1336,pool,プール,名詞
710,population,人口,名詞
2056,port,港町,名詞
2229,portion,持ち分、一人分,名詞
2713,portrait,肖像画,名詞
426,position,位置、姿勢、地位,名詞
2541,possession,所有,名詞
951,possibility,(起こりうる)可能性,名詞
928,post,郵便制度,名詞
2550,pot,壺,名詞
2623,potato,ジャガイモ,名詞
984,pound,ポンド,名詞
2275,poverty,貧困,名詞
331,power,力、物理的な力,名詞
484,practice,練習,名詞
2383,preference,好み,名詞
2743,pregnancy,妊娠,名詞
1973,premise,前提,名詞
2028,preparation,準備,名詞
1186,presence,存在、気配,名詞
1681,presentation,提示,名詞
612,president,大統領,名詞
809,pressure,圧力,名詞
296,price,価格,名詞
2563,pride,誇り,名詞
1071,principle,原理,名詞
2664,printer,印刷業者,名詞
1793,priority,優先事項,名詞
1462,prison,刑務所,名詞
2081,prisoner,囚人,名詞
2437,privilege,特権,名詞
2005,prize,(競争などの)賞,名詞
2629,pro,プロ,名詞
2732,probability,(かなり高い)可能性,名詞
120,problem,問題,名詞
1168,procedure,手続き,名詞
286,process,過程,名詞
1804,producer,生産者,名詞
304,product,製品,名詞
713,production,生産,名詞
2487,profession,職業,名詞
1762,professor,教授,名詞
2065,profile,人物紹介,名詞
900,profit,利益、儲け,名詞
240,program,番組,名詞
1101,progress,進捗、過程,名詞
518,project,大事業,名詞
2444,promotion,昇進、宣伝,名詞
2021,proof,証明,名詞
921,property,全財産,名詞
1663,proportion,割合,名詞
980,proposal,提案、計画,名詞
1949,prospect,見込み,名詞
1563,protection,保護,名詞
1978,protein,タンパク質,名詞
2452,province,州,名詞
1540,provision,供給,名詞
2141,pub,パブ,名詞
2041,publication,出版,名詞
2476,publisher,出版社,名詞
2475,pump,ポンプ,名詞
2097,pupil,生徒,名詞
735,purpose,目的、意図,名詞
2753,qualification,資格,名詞
517,quality,質,名詞
2267,quantity,(可算名詞の)量,名詞
869,quarter,4分の1,名詞
181,question,質問,名詞
732,race,(速さを競う)競争,名詞
1045,radio,ラジオ,名詞
2440,rail,レール,名詞
1232,rain,雨,名詞
516,range,範囲(幅),名詞
1535,rank,階級、順位,名詞
2712,rat,(野生の)ネズミ,名詞
312,rate,割合,名詞
2160,ratio,比率,名詞
1231,reaction,反応,名詞
1143,reader,読者,名詞
1181,reality,現実,名詞
2596,rear,後部,名詞
256,reason,理由,名詞
2013,recognition,認識、承認,名詞
1534,recommendation,勧告,名詞
344,record,記録,名詞
2321,recovery,回復,名詞
1687,reduction,減少,名詞
878,reference,言及,名詞
2675,reflection,反射,名詞
1215,reform,改革,名詞
2736,refugee,難民,名詞
677,region,地域,名詞
2783,registration,登録,名詞
1481,regulation,規制、条例,名詞
833,relation,関係、親戚,名詞
502,relationship,関係、深い絆,名詞
1088,relative,親戚,名詞
1623,relief,安心,名詞
1701,religion,宗教,名詞
1566,rent,家賃,名詞
1905,reporter,取材記者,名詞
2027,representation,代表,名詞
1471,representative,代表者,名詞
1859,reputation,評判,名詞
1204,requirement,必要条件,名詞
423,research,調査する、研究する,動詞
1645,researcher,研究者,名詞
1539,resident,居住者,名詞
2293,resistance,抵抗,名詞
1799,resolution,決心,名詞
2258,resort,行楽地,名詞
904,resource,資源,名詞
606,response,応答,名詞
962,responsibility,責任,名詞
528,rest,休憩,名詞
919,restaurant,レストラン,名詞
2176,restriction,(法などによる)制限,名詞
233,result,結果,名詞
2037,retail,小売,名詞
2017,retirement,退職,名詞
1351,revenue,収益,名詞
730,review,再検討,名詞
1970,revolution,革命,名詞
1748,reward,報酬,名詞
2695,rice,米,名詞
945,ring,輪,名詞
545,risk,(あえて冒す)危険,名詞
2343,rival,ライバル,名詞
1176,river,川,名詞
521,road,道路,名詞
965,rock,岩,名詞
468,role,役割,名詞
2016,roof,屋根,名詞
254,room,部屋,名詞
1529,root,根,名詞
2798,rose,バラ,名詞
1410,route,経路,名詞
2104,routine,日常の決まり,名詞
1602,row,行,名詞
415,rule,規則,名詞
1311,safety,安全,名詞
2537,sake,ため,名詞
1816,salary,給料,名詞
398,sale,販売,名詞
2459,salt,塩,名詞
1062,sample,標本,名詞
2616,sanction,制裁,名詞
2373,sand,砂,名詞
2133,satisfaction,満足,名詞
1199,scale,規模,名詞
1023,scene,場面,名詞
1240,schedule,予定,名詞
1267,scheme,(体系化された)計画、陰謀,名詞
2522,scholar,学者,名詞
146,school,学校,名詞
905,science,科学,名詞
1409,scientist,科学者,名詞
2559,scope,範囲(広がり),名詞
823,score,得点,名詞
957,screen,画面,名詞
987,sea,海,名詞
2322,seal,印鑑,名詞
750,season,季節,名詞
852,seat,座席,名詞
1276,secret,秘密,名詞
1193,secretary,秘書,名詞
668,section,(区切られた)部分,名詞
1151,sector,分野,名詞
541,security,警備,名詞
1815,seed,種子,名詞
2370,segment,断片,名詞
1647,selection,選抜,名詞
1833,self,自己,名詞
412,sense,感覚,名詞
1099,sentence,文,名詞
1960,sequence,連続,名詞
723,series,一連,名詞
2641,servant,召使い,名詞
2762,server,サーバー,名詞
223,service,奉仕,名詞
1558,session,会期,名詞
1766,settlement,定住,名詞
1063,sex,性,名詞
2726,shade,日陰,名詞
2239,shadow,影,名詞
986,shape,外形,名詞
2290,shareholder,株主,名詞
2710,sheep,羊,名詞
1616,sheet,敷布,名詞
2538,shelf,棚,名詞
2570,shell,殻,名詞
2581,shelter,避難所,名詞
1093,ship,(大きな)船,名詞
1907,shirt,シャツ,名詞
1383,shock,衝撃,名詞
1476,shoe,靴,名詞
437,shop,店、専門的な小店,名詞
2737,shore,岸,名詞
1567,shot,発砲,名詞
1610,shoulder,肩,名詞
2352,shower,シャワー,名詞
276,side,側,名詞
1425,sight,光景,名詞
500,sign,記号,名詞
1502,signal,信号,名詞
2351,significance,重大さ,名詞
1967,silence,沈黙,名詞
2033,silver,銀,名詞
2182,singer,歌手,名詞
2105,sink,流し,名詞
2138,sir,閣下,名詞
964,sister,姉妹,名詞
494,site,用地,名詞
430,situation,状況、状態,名詞
705,size,大きさ,名詞
2594,ski,スキー,名詞
685,skill,技能,名詞
1461,skin,肌,名詞
2451,skirt,スカート,名詞
1720,sky,空,名詞
2425,slave,奴隷,名詞
2696,slope,坂,名詞
1230,smoke,煙,名詞
1950,snow,雪,名詞
562,society,社会,名詞
1091,software,ソフトウェア,名詞
2022,soil,土,名詞
1378,soldier,軍人、兵士,名詞
788,solution,解決策,名詞
687,son,息子,名詞
941,song,歌,名詞
316,sort,種類,名詞
1884,soul,魂,名詞
390,sound,音,名詞
623,source,源,名詞
1159,south,南,名詞
552,space,空間,名詞
1241,speaker,話し手,名詞
2063,specialist,専門家,名詞
2598,species,(生物学上の)種,名詞
894,speech,演説,名詞
1106,speed,速度,名詞
1333,spirit,精神,名詞
2281,sponsor,スポンサー,名詞
603,sport,スポーツ,名詞
1138,spot,(ある1点の)場所,名詞
1332,spring,春,名詞
1443,square,正方形,名詞
2576,stability,安定,名詞
431,staff,職員,名詞
551,stage,舞台,名詞
2758,stain,汚れ,名詞
2630,stair,階段,名詞
2525,stake,くい,名詞
2654,stamp,切手,名詞
547,standard,標準,名詞
846,star,星,名詞
199,state,状態,名詞
769,statement,声明,名詞
709,station,駅,名詞
2256,statistic,統計,名詞
1127,status,地位,名詞
2172,steel,鋼鉄,名詞
2202,stem,茎,名詞
477,step,一歩,名詞
1010,stick,棒、細長い枝,名詞
691,stock,在庫,名詞
2637,stomach,胃,名詞
1374,stone,石,名詞
2707,storage,貯蔵,名詞
617,store,店、大規模な店,名詞
1999,storm,嵐,名詞
306,story,物語,名詞
2179,strain,歪み、過労,名詞
2725,stranger,見知らぬ人,名詞
839,strategy,戦略,名詞
2148,stream,小川,名詞
598,street,通り,名詞
1263,strength,力、丈夫さ、強度,名詞
1044,stress,心身への(重圧)、強調,名詞
2089,string,紐,名詞
2400,stroke,打撃,名詞
667,structure,構造,名詞
248,student,学生,名詞
1483,studio,仕事場,名詞
752,stuff,もの,名詞
865,style,やり方、様式,名詞
361,subject,科目、題材,名詞
2230,substance,物質,名詞
725,success,成功,名詞
2234,sugar,砂糖,名詞
1284,suggestion,提案、助言,名詞
1122,suit,スーツ,名詞
1375,sum,合計,名詞
2318,summary,要約,名詞
654,summer,夏,名詞
1361,sun,太陽,名詞
2004,supplier,供給者,名詞
2109,supporter,支持者,名詞
1161,surface,表面,名詞
2349,surgery,手術,名詞
1008,survey,調査する、概査する,動詞
2411,survival,生存,名詞
2167,symbol,象徴,名詞
2071,symptom,症状,名詞
179,system,体系,名詞
450,table,(みんなで囲む)机,名詞
2540,tail,尻尾,名詞
2546,tale,おとぎ話,名詞
1790,talent,才能,名詞
2189,tank,戦車,名詞
1371,tape,テープ,名詞
797,target,的,名詞
854,task,仕事、任務,名詞
787,tax,税金,名詞
1148,taxi,タクシー,名詞
1599,tea,茶,名詞
496,teacher,教師,名詞
407,team,チーム,名詞
1470,tear,涙,名詞
1224,technique,技術,名詞
563,technology,科学技術,名詞
2346,teenager,10代の若者,名詞
1036,telephone,電話(正式名称),名詞
795,television,テレビ,名詞
1452,temperature,温度,名詞
2408,tendency,傾向,名詞
1917,tennis,テニス,名詞
2075,tension,緊張,名詞
2722,tent,テント,名詞
280,term,期間、任期,名詞
2147,territory,領土,名詞
2121,terrorist,テロリスト,名詞
332,test,(軽い)試験、検査,名詞
1048,text,本文,名詞
1393,theater,劇場,名詞
1572,theme,主題,名詞
876,theory,理論,名詞
2498,therapy,療法,名詞
87,thing,物,名詞
2809,thirst,喉の渇き,名詞
1348,threat,脅威,名詞
2504,throat,喉,名詞
1249,ticket,切符,名詞
49,time,時間、時刻,名詞
1659,tip,先端,名詞
2625,tissue,組織,名詞
1057,title,題名,名詞
1693,tone,音調,名詞
2761,tongue,舌,名詞
1227,tool,道具,名詞
2026,tooth,歯,名詞
375,top,頂上,名詞
1296,topic,話題,名詞
1089,tour,旅行、周遊,名詞
2628,tourism,観光,名詞
1486,tourist,観光客,名詞
2782,tournament,トーナメント,名詞
2324,tower,塔,名詞
364,town,町,名詞
1994,toy,おもちゃ,名詞
2047,trace,跡,名詞
958,track,跡、通り道,名詞
544,trade,貿易,名詞
1338,tradition,伝統,名詞
1225,traffic,交通,名詞
2183,trail,痕跡、獣道,名詞
289,train,列車,名詞
2195,transition,移行,名詞
2703,transportation,輸送,名詞
2184,trap,罠,名詞
811,treatment,治療,名詞
738,tree,木,名詞
1281,trend,流行,名詞
1043,trial,試行,名詞
2617,trick,いたずら,名詞
2586,trigger,引き金,名詞
825,trip,旅行、お出かけ,名詞
1457,troop,群れ,名詞
832,trouble,悩み,名詞
2113,truck,トラック,名詞
1102,truth,真実,名詞
2323,tube,柔らかい管,名詞
2192,tune,曲,名詞
2366,twin,双子,名詞
389,type,型,名詞
2734,uncertainty,不確実性,名詞
2694,uncle,叔父,名詞
1984,unemployment,失業,名詞
2055,uniform,制服,名詞
1279,union,結合、連合,名詞
780,unit,単位,名詞
2708,universe,宇宙,名詞
968,university,(規模の大きい)大学,名詞
1786,urge,衝動,名詞
1115,user,利用者,名詞
2415,valley,谷,名詞
342,value,価値,名詞
2217,van,バン,名詞
2019,variation,変化,名詞
954,variety,多様性、種類が多いこと,名詞
2216,vegetable,野菜,名詞
1408,vehicle,乗り物,名詞
2379,venture,冒険的事業,名詞
2700,verb,動詞,名詞
981,version,(PCなどの)版,名詞
2699,vessel,船舶、器,名詞
2674,veteran,ベテラン,名詞
2245,vice,悪徳,名詞
1520,victim,犠牲者,名詞
1776,victory,勝利,名詞
1065,video,ビデオ,名詞
293,view,景色,名詞
815,village,村,名詞
1436,violence,暴力,名詞
2341,virus,ウイルス,名詞
1651,vision,視力,名詞
1398,visitor,訪問者,名詞
607,voice,声,名詞
1364,volume,巻,名詞
1962,volunteer,志願者,名詞
1752,voter,投票者,名詞
1757,wage,賃金,名詞
722,wall,壁,名詞
435,war,戦争,名詞
322,water,水,名詞
1158,wave,波,名詞
80,way,道,名詞
2457,weakness,弱さ,名詞
2187,wealth,富,名詞
1325,weapon,武器,名詞
1068,weather,天気,名詞
2223,web,蜘蛛の巣,名詞
2764,website,ウェブサイト,名詞
157,week,週,名詞
934,weekend,週末,名詞
978,weight,重さ,名詞
2086,welfare,福祉,名詞
1537,west,西,名詞
1985,wheel,車輪,名詞
602,wife,妻,名詞
28,will,意志,名詞
1013,wind,風,名詞
734,window,窓,名詞
1389,wine,ワイン,名詞
2009,wing,翼,名詞
1911,winner,勝者,名詞
1328,winter,冬,名詞
2038,wire,針金,名詞
1642,witness,目撃者,名詞
169,woman,女性,名詞
1467,wood,木材,名詞
217,word,単語,名詞
673,worker,労働者,名詞
156,world,世界,名詞
1024,writer,作家,名詞
1667,yard,庭、空き地,名詞
58,year,年,名詞
1603,youth,若さ,名詞
2045,zone,地帯,名詞
