be,2,である,verb
have,8,持っている,verb
do,21,する,verb
say,30,言う,verb
go,31,行く,verb
would,36,?だろう,verb
know,41,知っている,verb
get,43,手に入れる,verb
think,47,思う,verb
make,48,作る,verb
see,50,見る,verb
take,59,取る,verb
come,65,来る,verb
could,66,?できた,verb
work,67,働く,verb
use,68,使う,verb
look,75,見る,verb
want,76,欲しい,verb
give,77,給与する,verb
find,81,見つける,verb
should,89,?すべきである,verb
need,90,必要がある,verb
mean,95,意味する,verb
may,97,?かもしれない,verb
tell,103,話す,verb
call,105,呼ぶ,verb
show,110,見せる,verb
change,113,変える,verb
feel,117,感じる,verb
write,121,書く,verb
try,125,試みる,verb
leave,126,去る,verb
help,133,助ける,verb
ask,134,尋ねる,verb
meet,135,会う,verb
start,136,始める,verb
talk,137,話す,verb
put,139,置く,verb
become,141,?になる,verb
live,153,住む,verb
play,158,遊ぶ,verb
might,159,?かもしれない,verb
must,160,?しなければならない,verb
include,163,含む,verb
report,166,報告する,verb
seem,173,?のように見える,verb
let,174,?させる,verb
keep,177,保つ,verb
hear,178,聞こえる,verb
set,185,配置する,verb
study,187,勉強する,verb
follow,188,従う,verb
begin,189,始める,verb
run,192,走る,verb
turn,194,回る,verb
bring,196,持ってくる,verb
move,200,動く,verb
provide,205,提供する,verb
read,207,読む,verb
open,214,開く,verb
pay,220,支払う,verb
build,221,建てる,verb
hold,222,持つ,verb
believe,225,信じる,verb
love,229,愛する,verb
increase,230,増加する,verb
happen,236,起こる,verb
offer,237,提供する,verb
close,239,閉める,verb
lead,241,導く,verb
buy,242,買う,verb
understand,243,理解する,verb
thank,244,感謝する,verb
spend,258,費やす,verb
learn,261,学ぶ,verb
support,272,支持する,verb
speak,284,話す,verb
consider,295,検討する,verb
control,301,支配する,verb
lose,305,失う,verb
continue,308,続ける,verb
stand,309,立つ,verb
expect,314,期待する,verb
fall,320,落ちる,verb
deal,321,扱う,verb
send,323,送る,verb
allow,324,許可する,verb
watch,326,見る,verb
suggest,329,提案する,verb
visit,333,訪問する,verb
grow,335,成長する,verb
return,337,戻る,verb
walk,339,歩く,verb
stay,345,滞在する,verb
stop,347,止まる,verb
develop,350,発達させる,verb
remember,351,覚えている,verb
share,353,共有する,verb
sit,356,座る,verb
decide,359,決める,verb
break,368,壊す,verb
remain,374,残る,verb
win,377,勝つ,verb
involve,379,巻き込む,verb
reach,380,到着する,verb
create,386,創造する,verb
drive,387,運転する,verb
receive,396,受け取る,verb
require,402,必要とする,verb
wait,403,待つ,verb
appear,405,現れる,verb
add,414,加える,verb
pass,416,通る,verb
produce,417,生産する,verb
sell,418,売る,verb
agree,420,同意する,verb
cover,424,覆う,verb
design,441,設計する,verb
carry,446,運ぶ,verb
choose,447,選ぶ,verb
die,454,死ぬ,verb
bear,455,耐える,verb
cut,456,切る,verb
describe,457,描写する,verb
rise,462,上がる,verb
join,469,加わる,verb
please,471,喜ばせる,verb
eat,476,食べる,verb
draw,481,描く,verb
raise,486,上げる,verb
explain,489,説明する,verb
approach,495,接近する,verb
claim,501,主張する,verb
travel,503,旅行する,verb
enjoy,504,楽しむ,verb
improve,508,改善する,verb
regard,511,見なす,verb
act,515,行動する,verb
accord,522,一致する,verb
wish,524,願う,verb
wear,526,着る,verb
measure,532,測る,verb
kill,533,殺す,verb
serve,534,奉仕する,verb
teach,539,教える,verb
vote,548,投票する,verb
realize,554,悟る,verb
accept,561,受け入れる,verb
mention,564,言及する,verb
save,566,救う,verb
demand,570,要求する,verb
listen,573,聴く,verb
check,580,検査する,verb
complete,581,完成させる,verb
lie,582,嘘をつく,verb
pick,583,選ぶ,verb
reduce,584,減らす,verb
arrive,588,到着する,verb
exist,593,存在する,verb
fight,595,戦う,verb
prepare,604,準備する,verb
discuss,605,議論する,verb
finish,609,終える,verb
suppose,610,仮定する,verb
apply,611,適用する,verb
compare,614,比較する,verb
laugh,620,笑う,verb
manage,625,経営する,verb
attack,632,攻撃する,verb
surprise,634,驚かせる,verb
affect,639,影響を及ぼす,verb
drop,640,落とす,verb
relate,642,関連づける,verb
miss,645,逃す,verb
pause,649,休止する,verb
forget,651,忘れる,verb
worry,653,心配する,verb
drink,655,飲む,verb
represent,658,代表する,verb
contain,663,含む,verb
notice,664,気づくる,verb
wonder,665,不思議に思う,verb
paint,672,塗る,verb
press,674,押す,verb
respect,681,尊敬する,verb
catch,683,捕まえる,verb
attempt,686,試みる,verb
hit,695,打つ,verb
establish,696,設立する,verb
fit,700,合う,verb
determine,708,決定する,verb
fail,711,失敗する,verb
enter,717,入る,verb
occur,718,起こる,verb
depend,731,依存する,verb
recognize,733,認める,verb
gain,737,得る,verb
argue,740,議論する,verb
achieve,746,達成する,verb
prove,748,証明する,verb
introduce,772,紹介する,verb
marry,775,結婚する,verb
strike,776,打つ,verb
seek,778,探し求める,verb
release,786,解放する,verb
pull,799,引く,verb
treat,804,扱う,verb
identify,805,特定する,verb
shall,807,?だろう,verb
supply,814,供給する,verb
express,818,表現する,verb
indicate,819,示す,verb
attend,820,出席する,verb
organize,824,組織する,verb
sleep,827,眠る,verb
promise,829,約束する,verb
touch,834,触れる,verb
suffer,838,苦しむ,verb
clean,842,きれいにする,verb
tend,843,傾向がある,verb
fill,845,満たす,verb
avoid,851,避ける,verb
throw,853,投げる,verb
associate,857,関連づける,verb
refer,866,言及する,verb
push,868,押す,verb
assume,870,仮定する,verb
sing,873,歌う,verb
propose,877,提案する,verb
fly,881,飛ぶ,verb
search,889,探す,verb
separate,890,分離する,verb
guess,901,推測する,verb
protect,903,保護する,verb
encourage,912,励ます,verb
operate,915,操作する,verb
reflect,916,反射する,verb
imagine,924,想像する,verb
earn,926,稼ぐ,verb
define,930,定義する,verb
perform,935,行う,verb
maintain,943,維持する,verb
discover,946,発見する,verb
prefer,949,?を好む,verb
extend,950,延長する,verb
dance,959,踊る,verb
fix,973,修理する,verb
cross,975,横切る,verb
welcome,989,歓迎する,verb
smile,990,微笑む,verb
replace,994,取って代わる,verb
estimate,999,見積もる,verb
purchase,1002,購入する,verb
shoot,1003,撃つ,verb
announce,1004,発表する,verb
recommend,1007,勧める,verb
request,1011,要請する,verb
exchange,1015,交換する,verb
count,1022,数える,verb
prevent,1026,防ぐ,verb
invite,1028,招待する,verb
mix,1029,混ぜる,verb
admit,1034,認める,verb
beat,1035,打つ,verb
handle,1041,扱う,verb
ride,1050,乗る,verb
remove,1053,取り去る,verb
conduct,1054,行う,verb
deliver,1064,配達する,verb
collect,1069,集める,verb
inform,1070,知らせる,verb
appeal,1073,訴える,verb
trust,1075,信頼する,verb
flow,1079,流れる,verb
hang,1085,掛ける,verb
observe,1098,観察する,verb
print,1100,印刷する,verb
examine,1104,調査する,verb
lay,1105,置く,verb
reply,1108,返事をする,verb
display,1109,展示する,verb
transfer,1110,移す,verb
intend,1114,意図する,verb
respond,1116,返答する,verb
reveal,1124,明らかにする,verb
decline,1129,断る,verb
launch,1131,開始する,verb
warn,1132,警告する,verb
excite,1142,興奮させる,verb
guide,1146,案内する,verb
grant,1147,与える,verb
feed,1149,餌をやる,verb
ensure,1153,確実にする,verb
satisfy,1154,満足させる,verb
lift,1167,持ち上げる,verb
struggle,1171,奮闘する,verb
advertise,1172,宣伝する,verb
select,1173,選ぶ,verb
surround,1174,囲む,verb
roll,1180,転がる,verb
shift,1190,移る,verb
cook,1196,料理する,verb
spread,1197,広がる,verb
cry,1202,泣く,verb
confirm,1206,確認する,verb
refuse,1209,拒絶する,verb
transport,1210,輸送する,verb
emerge,1211,現れる,verb
survive,1218,生き残る,verb
solve,1221,解決する,verb
contribute,1238,貢献する,verb
adopt,1243,採用する,verb
combine,1244,結合させる,verb
waste,1246,浪費する,verb
hide,1247,隠す,verb
repeat,1253,繰り返す,verb
connect,1264,接続する,verb
arrange,1266,手配する,verb
demonstrate,1272,実演する,verb
appreciate,1274,感謝する,verb
burn,1280,燃える,verb
gather,1286,集める,verb
pop,1289,ポンと鳴る,verb
promote,1292,促進する,verb
employ,1294,雇う,verb
attract,1298,引きつける,verb
engage,1299,従事させる,verb
settle,1303,解決する,verb
delay,1310,遅らせる,verb
divide,1316,分ける,verb
expand,1321,拡大する,verb
commit,1322,犯す,verb
jump,1324,跳ぶ,verb
tire,1331,疲れさせる,verb
enable,1352,可能にする,verb
conclude,1355,結論を下す,verb
convince,1358,納得させる,verb
vary,1359,変わる,verb
blow,1363,吹く,verb
invest,1366,投資する,verb
proceed,1367,進む,verb
wash,1368,洗う,verb
monitor,1377,監視する,verb
hate,1380,憎む,verb
pack,1387,荷造りする,verb
recall,1388,思い出す,verb
swim,1391,泳ぐ,verb
manufacture,1392,製造する,verb
oppose,1406,反対する,verb
bind,1411,縛る,verb
belong,1412,属する,verb
taste,1413,味がする,verb
decrease,1420,減少する,verb
hurt,1421,傷つける,verb
generate,1426,生み出す,verb
deny,1429,否定する,verb
quote,1433,引用する,verb
climb,1434,登る,verb
ignore,1446,無視する,verb
destroy,1447,破壊する,verb
locate,1450,位置を特定する,verb
remind,1459,思い出させる,verb
switch,1463,切り替える,verb
acquire,1464,取得する,verb
participate,1468,参加する,verb
shake,1474,振る,verb
ought,1477,?すべきである,verb
escape,1482,逃げる,verb
relax,1485,くつろぐ,verb
afford,1488,?する余裕がある,verb
suspect,1490,疑う,verb
complain,1495,不平を言う,verb
arrest,1498,逮捕する,verb
assess,1499,評価する,verb
register,1500,登録する,verb
explore,1505,探検する,verb
wake,1508,目覚める,verb
hire,1514,雇う,verb
tie,1516,結ぶ,verb
threaten,1521,脅かす,verb
amaze,1524,驚かせる,verb
investigate,1533,調査する,verb
concentrate,1541,集中する,verb
export,1543,輸出する,verb
consist,1547,成る,verb
graduate,1548,卒業する,verb
insist,1551,主張する,verb
predict,1561,予測する,verb
wed,1565,結婚する,verb
guarantee,1570,保証する,verb
approve,1575,承認する,verb
elect,1578,選出する,verb
rely,1584,頼る,verb
succeed,1586,成功する,verb
permit,1589,許可する,verb
lock,1604,鍵をかける,verb
celebrate,1608,祝う,verb
import,1613,輸入する,verb
cast,1618,投げる,verb
blame,1627,責める,verb
arise,1629,生じる,verb
recover,1631,回復する,verb
stretch,1633,伸ばす,verb
declare,1634,宣言する,verb
retire,1635,退職する,verb
analyze,1641,分析する,verb
capture,1658,捕らえる,verb
disappear,1665,消える,verb
shout,1666,叫ぶ,verb
compete,1683,競争する,verb
reserve,1688,予約する,verb
bore,1690,退屈させる,verb
rush,1699,急ぐ,verb
reject,1703,拒絶する,verb
ban,1706,禁止する,verb
steal,1707,盗む,verb
protest,1708,抗議する,verb
command,1714,命令する,verb
impose,1723,課す,verb
kick,1730,蹴る,verb
yield,1733,産出する,verb
implement,1740,実施する,verb
attach,1742,取り付ける,verb
advise,1745,忠告する,verb
acknowledge,1747,認める,verb
accuse,1755,非難する,verb
construct,1759,建設する,verb
remark,1760,述べる,verb
expose,1773,さらす,verb
shut,1775,閉める,verb
resolve,1777,解決する,verb
pursue,1784,追跡する,verb
appoint,1788,任命する,verb
smell,1791,においがする,verb
communicate,1800,伝える,verb
slip,1810,滑る,verb
accompany,1811,同行する,verb
knock,1814,ノックする,verb
illustrate,1817,説明する,verb
imply,1818,暗示する,verb
qualify,1823,資格を与える,verb
emphasize,1840,強調する,verb
bother,1844,悩ませる,verb
complicate,1851,複雑にする,verb
disappoint,1853,失望させる,verb
freeze,1856,凍る,verb
crash,1867,衝突する,verb
deserve,1872,?に値する,verb
defend,1874,守る,verb
repair,1878,修理する,verb
collapse,1879,崩壊する,verb
borrow,1880,借りる,verb
defeat,1886,敗北させる,verb
enhance,1889,高める,verb
distinguish,1893,区別する,verb
slide,1897,滑る,verb
cope,1901,対処する,verb
highlight,1904,強調する,verb
encounter,1912,遭遇する,verb
breathe,1914,呼吸する,verb
confuse,1919,混乱させる,verb
install,1924,設置する,verb
calculate,1925,計算する,verb
occupy,1930,占める,verb
update,1933,更新する,verb
preserve,1935,保存する,verb
split,1936,割る,verb
swing,1937,揺れる,verb
integrate,1955,統合する,verb
bet,1958,賭ける,verb
retain,1959,保持する,verb
abandon,1965,捨てる,verb
delight,1971,喜ばせる,verb
spell,1972,綴る,verb
lean,1974,傾く,verb
differ,1976,異なる,verb
distribute,1980,配布する,verb
derive,1982,引き出す,verb
educate,1993,教育する,verb
exhibit,1996,展示する,verb
hunt,1998,狩る,verb
negotiate,2002,交渉する,verb
dominate,2003,支配する,verb
upset,2025,狼狽させる,verb
undertake,2036,引き受ける,verb
restrict,2046,制限する,verb
owe,2053,借りている,verb
pitch,2057,投げる,verb
assure,2064,保証する,verb
submit,2070,提出する,verb
isolate,2080,孤立させる,verb
eliminate,2082,除去する,verb
recruit,2087,採用する,verb
exclude,2088,除外する,verb
persuade,2091,説得する,verb
inspire,2092,鼓舞する,verb
assist,2099,助ける,verb
restore,2100,修復する,verb
alter,2102,変える,verb
perceive,2103,知覚する,verb
stare,2106,じっと見る,verb
convert,2110,変える,verb
sail,2116,航海する,verb
devote,2120,捧げる,verb
justify,2122,正当化する,verb
fascinate,2124,魅了する,verb
underlie,2130,基礎となる,verb
incorporate,2134,組み入れる,verb
pour,2135,注ぐ,verb
sweep,2136,掃く,verb
evaluate,2139,評価する,verb
scare,2156,怖がらせる,verb
scream,2162,叫ぶ,verb
withdraw,2163,引き出す,verb
transform,2174,変える,verb
wound,2175,傷つける,verb
frighten,2196,怖がらせる,verb
bid,2197,入札する,verb
breed,2198,繁殖させる,verb
reverse,2203,逆にする,verb
pose,2207,姿勢をとる,verb
adjust,2208,調整する,verb
overcome,2222,克服する,verb
interpret,2232,解釈する,verb
consult,2237,相談する,verb
strip,2240,剥ぐ,verb
impress,2243,感銘を与える,verb
behave,2248,振る舞う,verb
broadcast,2260,放送する,verb
bend,2268,曲げる,verb
disturb,2272,妨げる,verb
sustain,2273,維持する,verb
cite,2277,引用する,verb
criticize,2296,批判する,verb
tap,2297,軽く叩く,verb
apologize,2301,謝る,verb
grab,2303,掴む,verb
entitle,2304,資格を与える,verb
lend,2305,貸す,verb
translate,2310,翻訳する,verb
edit,2311,編集する,verb
deposit,2313,預ける,verb
advocate,2316,提唱する,verb
characterize,2325,特徴づける,verb
specify,2326,指定する,verb
spin,2328,回転する,verb
dig,2331,掘る,verb
drag,2332,引きずる,verb
mount,2333,登る,verb
wrap,2334,包む,verb
anticipate,2335,予期する,verb
specialize,2337,専門とする,verb
detect,2345,検出する,verb
admire,2347,感心する,verb
constitute,2357,構成する,verb
adapt,2372,適応させる,verb
react,2377,反応する,verb
rescue,2381,救助する,verb
cancel,2390,中止する,verb
regret,2391,後悔する,verb
dismiss,2392,解雇する,verb
resist,2396,抵抗する,verb
correspond,2399,一致する,verb
dare,2401,あえて?する,verb
rid,2403,取り除く,verb
ruin,2405,台無しにする,verb
bury,2406,埋める,verb
possess,2413,所有する,verb
float,2416,浮く,verb
depress,2434,意気消沈させる,verb
burst,2436,破裂する,verb
motivate,2441,動機づける,verb
fulfill,2447,果たす,verb
dedicate,2449,捧げる,verb
march,2453,行進する,verb
compromise,2455,妥協する,verb
accomplish,2456,成し遂げる,verb
glance,2460,ちらりと見る,verb
embarrass,2464,当惑させる,verb
govern,2471,統治する,verb
embrace,2472,抱きしめる,verb
praise,2473,褒める,verb
weigh,2481,重さを量る,verb
modify,2484,修正する,verb
entertain,2491,楽しませる,verb
assign,2493,割り当てる,verb
injure,2496,傷つける,verb
twist,2500,ひねる,verb
disagree,2503,意見が合わない,verb
tackle,2506,取り組む,verb
exceed,2508,超える,verb
click,2514,クリックする,verb
chat,2534,おしゃべり,verb
evolve,2536,進化する,verb
boost,2539,高める,verb
strengthen,2552,強くする,verb
fold,2555,折る,verb
undergo,2557,経験する,verb
pretend,2560,?のふりをする,verb
allege,2562,主張する,verb
resign,2566,辞職する,verb
neglect,2578,無視する,verb
compose,2579,構成する,verb
regulate,2584,規制する,verb
whisper,2595,ささやく,verb
bless,2601,祝福する,verb
scan,2611,スキャンする,verb
greet,2614,挨拶する,verb
stimulate,2621,刺激する,verb
invent,2627,発明する,verb
hesitate,2631,ためらう,verb
shine,2632,輝く,verb
pray,2639,祈る,verb
extract,2647,抽出する,verb
consume,2659,消費する,verb
bite,2663,噛む,verb
exhaust,2669,使い果たす,verb
hurry,2683,急ぐ,verb
revise,2688,改訂する,verb
reckon,2701,計算する,verb
chase,2706,追跡する,verb
substitute,2715,代用する,verb
supplement,2716,補充する,verb
situate,2728,置く,verb
summarize,2729,要約する,verb
leap,2730,跳ぶ,verb
snap,2731,パチンと鳴らす,verb
swear,2735,誓う,verb
comprise,2739,構成される,verb
stir,2740,かき混ぜる,verb
sigh,2742,ため息をつく,verb
slice,2746,薄く切る,verb
wander,2747,歩き回る,verb
suspend,2754,吊るす,verb
unite,2767,結合する,verb
compute,2769,計算する,verb
wipe,2770,拭く,verb
gaze,2772,見つめる,verb
fade,2773,色あせる,verb
grin,2797,にっこり笑う,verb
insure,2805,保険をかける,verb
found,2807,設立する,verb
it,9,それ,pronoun
you,10,あなた,pronoun
he,11,彼,pronoun
they,13,彼らは,pronoun
we,16,私たちは,pronoun
I,20,私,pronoun
she,24,彼女,pronoun
which,39,どちら,pronoun
who,44,誰,pronoun
what,51,何,pronoun
something,138,何か,pronoun
anything,318,何か,pronoun
nothing,336,何もない,pronoun
everything,422,すべてのこと,pronoun
someone,439,誰か,pronoun
himself,458,彼自身,pronoun
themselves,480,彼ら自身,pronoun
itself,538,それ自身,pronoun
everyone,650,誰でも,pronoun
myself,669,私自身,pronoun
whatever,675,何でも,pronoun
anyone,754,誰でも,pronoun
yourself,813,あなた自身,pronoun
everybody,933,誰でも,pronoun
mine,937,私のもの,pronoun
somebody,983,誰か,pronoun
herself,996,彼女自身,pronoun
none,1014,どれも?ない,pronoun
nobody,1103,誰も?ない,pronoun
anybody,1431,誰か,pronoun
ourselves,1615,私たち自身,pronoun
of,4,?の,preposition
to,5,?へ,preposition
in,7,?の中に,preposition
for,12,?のために,preposition
on,17,?の上に,preposition
with,18,?と一緒に,preposition
as,22,?として,preposition
at,23,?で,preposition
from,26,?から,preposition
by,27,?によって,preposition
like,45,?のような,preposition
into,73,?の中へ,preposition
over,82,?を越えて,preposition
after,84,?の後で,preposition
before,106,?の前に,preposition
through,108,?を通して,preposition
between,116,?の間に,preposition
during,182,?の間に,preposition
since,191,?以来,preposition
under,193,?の下に,preposition
without,212,?なしで,preposition
against,224,?に反対して,preposition
until,255,?まで,preposition
within,285,?以内に,preposition
per,373,?につき,preposition
among,376,?の間に,preposition
across,383,?を横切って,preposition
along,388,?に沿って,preposition
toward,406,?の方へ,preposition
above,440,?の上に,preposition
behind,492,後ろに,preposition
upon,579,?の上に,preposition
inside,660,内側に,preposition
below,761,?より下に,preposition
despite,771,?にもかかわらず,preposition
beyond,826,?を越えて,preposition
except,841,?を除いて,preposition
throughout,897,?の至る所に,preposition
plus,1256,プラス,preposition
onto,1404,?の上へ,preposition
till,1571,?まで,preposition
besides,1725,?に加えて,preposition
via,1734,?経由で,preposition
unlike,1737,?と違って,preposition
beside,2115,?のそばに,preposition
beneath,2394,?の下に,preposition
versus,2482,?に対して,preposition
alongside,2766,?と並んで,preposition
will,28,意志,noun
can,38,缶,noun
time,49,時間,noun
people,57,人々,noun
year,58,年,noun
way,80,道,noun
day,85,日,noun
thing,87,物,noun
child,102,子供,noun
company,107,会社,noun
life,111,命,noun
man,112,男,noun
place,114,場所,noun
problem,120,問題,noun
lot,123,たくさん,noun
number,127,数,noun
part,130,部分,noun
point,131,点,noun
interest,142,興味,noun
country,143,国,noun
school,146,学校,noun
end,152,終わり,noun
world,156,世界,noun
week,157,週,noun
home,161,家,noun
course,164,課程,noun
house,165,家,noun
group,167,集団,noun
case,168,場合,noun
woman,169,女性,noun
book,171,本,noun
family,172,家族,noun
system,179,体系,noun
question,181,質問,noun
hand,198,手,noun
state,199,状態,noun
money,201,金,noun
fact,202,事実,noun
area,204,地域,noun
name,206,名前,noun
friend,208,友達,noun
month,209,月,noun
business,211,仕事,noun
information,213,情報,noun
order,215,命令,noun
government,216,政府,noun
word,217,単語,noun
issue,218,問題,noun
market,219,市場,noun
service,223,奉仕,noun
job,231,仕事,noun
plan,232,計画,noun
result,233,結果,noun
example,235,例,noun
program,240,番組,noun
hour,247,時間,noun
student,248,学生,noun
face,249,顔,noun
hope,250,希望,noun
idea,251,考え,noun
cost,252,費用,noun
room,254,部屋,noun
reason,256,理由,noun
form,257,形,noun
head,259,頭,noun
car,260,車,noun
level,262,水準,noun
person,263,人,noun
experience,264,経験,noun
member,266,会員,noun
city,269,都市,noun
night,270,夜,noun
line,274,線,noun
side,276,側,noun
term,280,期間,noun
age,282,年齢,noun
process,286,過程,noun
train,289,列車,noun
view,293,景色,noun
price,296,価格,noun
parent,297,親,noun
party,299,政党,noun
concern,303,心配,noun
product,304,製品,noun
story,306,物語,noun
rate,312,割合,noun
care,313,世話,noun
effect,315,効果,noun
sort,316,種類,noun
cause,319,原因,noun
water,322,水,noun
base,327,土台,noun
past,330,過去,noun
power,331,力,noun
test,332,試験,noun
center,334,中心,noun
mother,338,母,noun
matter,340,問題,noun
mind,341,心,noun
value,342,価値,noun
office,343,事務所,noun
record,344,記録,noun
force,346,力,noun
bit,352,少し,noun
answer,355,答え,noun
figure,357,数字,noun
letter,358,手紙,noun
language,360,言語,noun
subject,361,主題,noun
class,362,授業,noun
development,363,発達,noun
town,364,町,noun
half,365,半分,noun
minute,366,分,noun
food,367,食べ物,noun
future,370,未来,noun
top,375,頂上,noun
color,378,色,noun
period,382,期間,noun
note,384,メモ,noun
history,385,歴史,noun
type,389,型,noun
sound,390,音,noun
eye,391,目,noun
music,392,音楽,noun
game,393,ゲーム,noun
moment,397,瞬間,noun
sale,398,販売,noun
policy,399,政策,noun
body,401,体,noun
team,407,チーム,noun
sense,412,感覚,noun
rule,415,規則,noun
law,421,法律,noun
research,423,研究,noun
paper,425,紙,noun
position,426,位置,noun
computer,429,コンピューター,noun
situation,430,状況,noun
staff,431,職員,noun
activity,432,活動,noun
film,433,映画,noun
morning,434,朝,noun
war,435,戦争,noun
account,436,口座、説明,noun
shop,437,店,noun
event,442,行事,noun
condition,445,条件,noun
father,448,父,noun
decision,449,決定,noun
table,450,机,noun
girl,463,女の子,noun
community,465,共同体,noun
role,468,役割,noun
detail,472,詳細,noun
difference,473,違い,noun
action,474,動作,noun
health,475,健康,noun
step,477,一歩,noun
phone,479,電話,noun
date,483,日付,noun
practice,484,練習,noun
model,485,模型,noun
customer,487,顧客,noun
front,488,前部,noun
door,490,ドア,noun
site,494,場所,noun
teacher,496,教師,noun
land,497,土地,noun
charge,498,料金,noun
sign,500,記号,noun
relationship,502,関係,noun
death,505,死,noun
amount,507,量,noun
picture,509,写真,noun
boy,510,男の子,noun
organization,512,組織,noun
couple,514,一対,noun
range,516,範囲,noun
quality,517,質,noun
project,518,計画,noun
opportunity,520,機会,noun
road,521,道路,noun
list,523,一覧,noun
fund,527,資金,noun
rest,528,休憩,noun
kid,529,子供,noun
industry,530,産業,noun
education,531,教育,noun
field,540,分野,noun
security,541,警備,noun
air,542,空気,noun
benefit,543,利益,noun
trade,544,貿易,noun
risk,545,危険,noun
news,546,ニュース,noun
standard,547,標準,noun
percent,549,パーセント,noun
focus,550,焦点,noun
stage,551,舞台,noun
space,552,空間,noun
data,556,データ,noun
address,558,住所,noun
performance,559,遂行,noun
chance,560,機会,noun
society,562,社会,noun
technology,563,科学技術,noun
choice,565,選択,noun
culture,568,文化,noun
material,571,材料,noun
limit,572,制限,noun
foot,576,足,noun
effort,577,努力,noun
attention,578,注意,noun
ground,586,地面,noun
animal,587,動物,noun
century,591,世紀,noun
evidence,592,証拠,noun
leader,596,指導者,noun
street,598,通り,noun
contact,600,接触,noun
wife,602,妻,noun
sport,603,スポーツ,noun
response,606,応答,noun
voice,607,声,noun
piece,608,断片,noun
president,612,大統領,noun
fire,613,火,noun
court,615,裁判所,noun
police,616,警察,noun
store,617,店,noun
knowledge,619,知識,noun
arm,621,腕,noun
heart,622,心臓,noun
source,623,源,noun
employee,624,従業員,noun
bank,627,銀行,noun
firm,628,会社,noun
cell,629,細胞,noun
article,630,記事,noun
feature,635,特徴,noun
factor,636,要因,noun
art,646,芸術,noun
campaign,647,運動,noun
page,652,ページ,noun
summer,654,夏,noun
opinion,656,意見,noun
park,657,公園,noun
key,659,鍵,noun
manager,661,経営者,noun
nature,666,自然,noun
structure,667,構造,noun
section,668,部分,noun
plant,671,植物,noun
worker,673,労働者,noun
region,677,地域,noun
growth,678,成長,noun
evening,679,晩,noun
influence,680,影響,noun
skill,685,技能,noun
son,687,息子,noun
medium,689,中間,noun
stock,691,在庫,noun
management,692,経営,noun
character,693,性格,noun
bed,694,ベッド,noun
economy,699,経済,noun
guy,701,男,noun
function,702,機能,noun
image,704,画像,noun
size,705,大きさ,noun
behavior,706,振る舞い,noun
addition,707,追加,noun
station,709,駅,noun
population,710,人口,noun
environment,712,環境,noun
production,713,生産,noun
contract,714,契約,noun
player,715,選手,noun
comment,716,コメント,noun
drug,721,薬,noun
wall,722,壁,noun
series,723,一連,noun
success,725,成功,noun
director,727,指導者,noun
lack,729,不足,noun
review,730,再検討,noun
race,732,競争,noun
window,734,窓,noun
purpose,735,目的,noun
department,736,部門,noun
tree,738,木,noun
college,739,大学,noun
board,741,板,noun
holiday,742,休日,noun
mark,743,印,noun
church,744,教会,noun
machine,745,機械,noun
item,747,項目,noun
cent,749,セント,noun
season,750,季節,noun
floor,751,床,noun
stuff,752,材料,noun
method,755,方法,noun
analysis,756,分析,noun
election,757,選挙,noun
hotel,759,ホテル,noun
club,760,クラブ,noun
movie,762,映画,noun
doctor,763,医者,noun
discussion,764,議論,noun
challenge,766,挑戦,noun
nation,767,国家,noun
statement,769,声明,noun
link,770,関連,noun
advantage,773,利点,noun
mile,777,マイル,noun
ability,779,能力,noun
unit,780,単位,noun
card,781,カード,noun
hospital,782,病院,noun
interview,784,面接,noun
agreement,785,合意,noun
tax,787,税金,noun
solution,788,解決策,noun
capital,789,首都,noun
fear,793,恐怖,noun
aim,794,目的,noun
television,795,テレビ,noun
target,797,的,noun
degree,798,度,noun
husband,801,夫,noun
access,802,接近,noun
movement,803,動き,noun
loss,806,紛失,noun
pressure,809,圧力,noun
bus,810,バス,noun
treatment,811,治療,noun
conference,812,会議,noun
village,815,村,noun
brother,821,兄,noun
investment,822,投資,noun
score,823,得点,noun
trip,825,旅行,noun
fish,828,魚,noun
energy,831,エネルギー,noun
trouble,832,悩み,noun
relation,833,関係,noun
file,835,ファイル,noun
bar,837,棒,noun
strategy,839,戦略,noun
advance,844,進歩,noun
star,846,星,noun
network,847,ネットワーク,noun
operation,849,操作,noun
match,850,試合,noun
seat,852,座席,noun
task,854,仕事,noun
goal,856,目標,noun
option,860,選択肢,noun
box,861,箱,noun
message,863,伝言,noun
instance,864,例,noun
style,865,形式,noun
quarter,869,4分の1,noun
baby,871,赤ちゃん,noun
doubt,874,疑い,noun
competition,875,競争,noun
theory,876,理論,noun
reference,878,言及,noun
argument,879,議論,noun
adult,880,大人,noun
document,882,文書,noun
pattern,883,模様,noun
application,884,応用、申し込み,noun
bill,888,請求書,noun
career,892,キャリア,noun
speech,894,演説,noun
dog,895,犬,noun
officer,896,将校,noun
oil,898,油,noun
dress,899,ドレス,noun
profit,900,利益,noun
fun,902,楽しみ,noun
resource,904,資源,noun
science,905,科学,noun
disease,906,病気,noun
balance,907,均衡,noun
damage,908,損害,noun
basis,909,基礎,noun
author,910,著者,noun
hair,913,髪,noun
exercise,917,運動,noun
restaurant,919,レストラン,noun
income,920,収入,noun
property,921,財産,noun
daughter,927,娘,noun
post,928,郵便,noun
newspaper,929,新聞,noun
conclusion,931,結論,noun
clock,932,時計,noun
weekend,934,週末,noun
debate,938,論争,noun
memory,939,記憶,noun
song,941,歌,noun
object,942,物体,noun
credit,944,信用,noun
ring,945,輪,noun
afternoon,948,午後,noun
possibility,951,可能性,noun
direction,952,方向,noun
facility,953,施設,noun
variety,954,多様性,noun
clothes,956,服,noun
screen,957,画面,noun
track,958,小道,noun
responsibility,962,責任,noun
sister,964,姉妹,noun
rock,965,岩,noun
dream,966,夢,noun
university,968,大学,noun
agency,970,代理店,noun
dollar,971,ドル,noun
garden,972,庭,noun
candidate,977,候補者,noun
weight,978,重さ,noun
proposal,980,提案,noun
version,981,版,noun
conversation,982,会話,noun
pound,984,ポンド,noun
magazine,985,雑誌,noun
shape,986,形,noun
sea,987,海,noun
communication,991,通信、伝達,noun
agent,992,代理人,noun
judge,995,裁判官,noun
generation,998,世代,noun
difficulty,1001,困難,noun
survey,1008,調査,noun
majority,1009,大多数,noun
stick,1010,棒,noun
wind,1013,風,noun
budget,1016,予算,noun
blood,1018,血,noun
block,1020,ブロック,noun
scene,1023,場面,noun
writer,1024,作家,noun
content,1025,内容,noun
element,1030,要素,noun
telephone,1036,電話,noun
copy,1037,写し,noun
committee,1038,委員会,noun
advice,1040,忠告,noun
glass,1042,ガラス,noun
trial,1043,試行,noun
stress,1044,強調,noun
radio,1045,ラジオ,noun
administration,1046,管理、政府,noun
text,1048,本文,noun
context,1049,文脈,noun
equipment,1055,備品,noun
title,1057,題名,noun
executive,1059,役員,noun
chair,1060,椅子,noun
sample,1062,標本,noun
sex,1063,性,noun
video,1065,ビデオ,noun
connection,1066,接続,noun
weather,1068,天気,noun
principle,1071,原理,noun
farm,1083,農場,noun
collection,1084,収集,noun
band,1087,楽団,noun
relative,1088,親戚,noun
tour,1089,旅行,noun
software,1091,ソフトウェア,noun
pair,1092,一対,noun
ship,1093,船,noun
attitude,1094,態度,noun
leg,1097,脚,noun
sentence,1099,文,noun
progress,1101,進歩,noun
truth,1102,真実,noun
speed,1106,速度,noun
politics,1107,政治,noun
user,1115,利用者,noun
dinner,1117,夕食,noun
suit,1122,スーツ,noun
percentage,1125,割合,noun
peace,1126,平和,noun
status,1127,地位,noun
crime,1128,犯罪,noun
decade,1130,10年間,noun
consumer,1133,消費者,noun
favor,1134,好意,noun
partner,1136,相棒,noun
institution,1137,機関,noun
spot,1138,場所,noun
horse,1139,馬,noun
heat,1141,熱,noun
reader,1143,読者,noun
importance,1144,重要性,noun
distance,1145,距離,noun
taxi,1148,タクシー,noun
pain,1150,苦痛,noun
sector,1151,部門,noun
mistake,1152,間違い,noun
expert,1157,専門家,noun
wave,1158,波,noun
south,1159,南,noun
labor,1160,労働,noun
surface,1161,表面,noun
library,1162,図書館,noun
edge,1164,端,noun
camp,1165,キャンプ,noun
audience,1166,聴衆,noun
procedure,1168,手続き,noun
email,1169,電子メール,noun
extent,1175,程度,noun
river,1176,川,noun
contrast,1179,対照,noun
reality,1181,現実,noun
photograph,1182,写真,noun
artist,1183,芸術家,noun
conflict,1184,紛争,noun
presence,1186,存在,noun
crowd,1187,群衆,noun
corner,1188,角,noun
gas,1189,気体,noun
net,1191,網,noun
category,1192,カテゴリー,noun
secretary,1193,秘書,noun
defense,1194,防衛,noun
scale,1199,規模,noun
driver,1200,運転手,noun
ball,1201,ボール,noun
introduction,1203,紹介,noun
requirement,1204,必要条件,noun
north,1205,北,noun
photo,1208,写真,noun
map,1212,地図,noun
concept,1213,概念,noun
island,1214,島,noun
reform,1215,改革,noun
football,1217,フットボール,noun
flight,1219,飛行,noun
neighbor,1222,隣人,noun
background,1223,背景,noun
technique,1224,技術,noun
traffic,1225,交通,noun
improvement,1226,改善,noun
tool,1227,道具,noun
consequence,1228,結果,noun
circumstance,1229,状況,noun
smoke,1230,煙,noun
reaction,1231,反応,noun
rain,1232,雨,noun
lesson,1234,授業,noun
brain,1235,脳,noun
mass,1236,塊,noun
failure,1239,失敗,noun
schedule,1240,予定,noun
speaker,1241,話し手,noun
bottom,1242,底,noun
mountain,1245,山,noun
marriage,1248,結婚,noun
ticket,1249,切符,noun
meal,1250,食事,noun
colleague,1251,同僚,noun
bag,1252,バッグ,noun
expression,1255,表現,noun
owner,1258,所有者,noun
plane,1259,飛行機,noun
lady,1261,女性,noun
duty,1262,義務,noun
strength,1263,力,noun
scheme,1267,計画,noun
payment,1268,支払い,noun
bird,1271,鳥,noun
contribution,1273,貢献,noun
chapter,1275,章,noun
secret,1276,秘密,noun
novel,1278,小説,noun
union,1279,結合,noun
trend,1281,傾向,noun
pleasure,1283,喜び,noun
suggestion,1284,提案,noun
earth,1288,地球,noun
desire,1291,願望,noun
path,1295,小道,noun
topic,1296,話題,noun
beach,1297,浜辺,noun
flower,1301,花,noun
crisis,1302,危機,noun
boat,1304,ボート,noun
aid,1305,援助,noun
fan,1306,扇風機,noun
kitchen,1307,台所,noun
safety,1311,安全,noun
engineer,1312,技師,noun
insurance,1314,保険,noun
nurse,1315,看護師,noun
length,1317,長さ,noun
investigation,1318,調査,noun
package,1319,包み,noun
weapon,1325,武器,noun
host,1327,主人,noun
winter,1328,冬,noun
district,1329,地区,noun
spring,1332,春,noun
spirit,1333,精神,noun
lunch,1334,昼食,noun
pool,1336,プール,noun
battle,1337,戦闘,noun
tradition,1338,伝統,noun
cash,1339,現金,noun
award,1341,賞,noun
coach,1342,コーチ,noun
experiment,1343,実験,noun
consideration,1344,検討,noun
code,1346,暗号,noun
threat,1348,脅威,noun
accident,1349,事故,noun
revenue,1351,収益,noun
cancer,1357,がん,noun
sun,1361,太陽,noun
volume,1364,巻,noun
location,1365,位置,noun
actor,1369,俳優,noun
tape,1371,テープ,noun
stone,1374,石,noun
sum,1375,合計,noun
murder,1376,殺人,noun
soldier,1378,軍人,noun
finance,1379,財政,noun
egg,1381,卵,noun
concert,1382,コンサート,noun
shock,1383,衝撃,noun
wine,1389,ワイン,noun
camera,1390,カメラ,noun
theater,1393,劇場,noun
cycle,1394,周期,noun
coffee,1395,コーヒー,noun
museum,1397,博物館,noun
visitor,1398,訪問者,noun
freedom,1399,自由,noun
construction,1400,建設,noun
objective,1402,目標,noun
branch,1407,枝,noun
vehicle,1408,乗り物,noun
scientist,1409,科学者,noun
route,1410,経路,noun
fashion,1415,流行,noun
danger,1416,危険,noun
bomb,1417,爆弾,noun
army,1418,軍隊,noun
council,1422,会議,noun
editor,1423,編集者,noun
sight,1425,光景,noun
gift,1427,贈り物,noun
delivery,1428,配達,noun
guest,1430,客,noun
bedroom,1432,寝室,noun
violence,1436,暴力,noun
minister,1437,大臣,noun
mouth,1439,口,noun
noise,1440,騒音,noun
manner,1441,方法,noun
gun,1442,銃,noun
square,1443,正方形,noun
occasion,1444,機会,noun
affair,1448,事件,noun
citizen,1451,市民,noun
temperature,1452,温度,noun
gold,1453,金,noun
load,1455,荷物,noun
belief,1456,信念,noun
troop,1457,群れ,noun
arrangement,1460,配置,noun
skin,1461,肌,noun
prison,1462,刑務所,noun
wood,1467,木材,noun
tear,1470,涙,noun
representative,1471,代表者,noun
capacity,1472,容量,noun
border,1473,境界,noun
assessment,1475,評価,noun
shoe,1476,靴,noun
ad,1478,広告,noun
fee,1479,料金,noun
hall,1480,廊下,noun
regulation,1481,規則,noun
studio,1483,仕事場,noun
tourist,1486,観光客,noun
component,1487,構成要素,noun
lawyer,1489,弁護士,noun
cup,1491,カップ,noun
description,1492,描写,noun
confidence,1493,自信,noun
perspective,1496,視点,noun
error,1497,誤り,noun
asset,1501,資産,noun
signal,1502,信号,noun
finger,1503,指,noun
leadership,1506,指導力,noun
commitment,1507,約束,noun
frame,1511,枠,noun
bond,1513,絆,noun
hole,1515,穴,noun
chain,1518,鎖,noun
literature,1519,文学,noun
victim,1520,犠牲者,noun
division,1522,分割,noun
device,1525,装置,noun
birth,1526,誕生,noun
forest,1527,森,noun
label,1528,ラベル,noun
root,1529,根,noun
factory,1530,工場,noun
expense,1531,費用,noun
channel,1532,チャンネル,noun
recommendation,1534,勧告,noun
rank,1535,階級,noun
west,1537,西,noun
resident,1539,居住者,noun
provision,1540,供給,noun
plenty,1542,たっぷり,noun
bridge,1546,橋,noun
brand,1549,銘柄,noun
combination,1552,組み合わせ,noun
abuse,1553,虐待,noun
ice,1554,氷,noun
master,1556,主人,noun
session,1558,会期,noun
grade,1559,学年,noun
protection,1563,保護,noun
rent,1566,家賃,noun
shot,1567,発砲,noun
appearance,1568,外見,noun
theme,1572,主題,noun
judgment,1573,判断,noun
loan,1576,ローン,noun
definition,1577,定義,noun
atmosphere,1579,雰囲気,noun
farmer,1580,農夫,noun
comparison,1581,比較,noun
license,1583,免許,noun
identity,1587,身元,noun
desk,1588,机,noun
commission,1593,委員会,noun
association,1595,協会,noun
instrument,1596,器具,noun
investor,1597,投資家,noun
tea,1599,茶,noun
row,1602,列,noun
youth,1603,若さ,noun
fuel,1605,燃料,noun
expectation,1606,期待,noun
employment,1607,雇用,noun
shoulder,1610,肩,noun
breath,1611,呼吸,noun
bottle,1614,瓶,noun
sheet,1616,敷布,noun
engine,1617,エンジン,noun
notion,1619,概念,noun
journey,1621,旅,noun
opposition,1622,反対,noun
relief,1623,安心,noun
debt,1624,借金,noun
honor,1625,名誉,noun
outcome,1626,結果,noun
explanation,1628,説明,noun
dad,1632,お父さん,noun
fruit,1640,果物,noun
witness,1642,目撃者,noun
mail,1643,郵便,noun
researcher,1645,研究者,noun
selection,1647,選択,noun
participant,1650,参加者,noun
vision,1651,視力,noun
personality,1652,個性,noun
entry,1655,入場,noun
fellow,1656,仲間,noun
tip,1659,先端,noun
discount,1660,割引,noun
peak,1661,頂点,noun
chairman,1662,議長,noun
proportion,1663,比率,noun
ear,1664,耳,noun
yard,1667,庭,noun
hill,1670,丘,noun
instruction,1672,指示,noun
intelligence,1673,知能,noun
folk,1675,人々,noun
guard,1677,警備員,noun
cat,1678,猫,noun
kiss,1680,キス,noun
presentation,1681,発表,noun
joint,1682,関節,noun
poll,1684,世論調査,noun
faith,1686,信仰,noun
reduction,1687,減少,noun
complaint,1689,苦情,noun
mission,1691,任務,noun
tone,1693,音調,noun
neighborhood,1694,近所,noun
passenger,1695,乗客,noun
justice,1696,正義,noun
phase,1697,段階,noun
religion,1701,宗教,noun
employer,1702,雇い主,noun
plate,1705,皿,noun
index,1709,索引,noun
circle,1712,円,noun
impression,1717,印象,noun
joke,1719,冗談,noun
sky,1720,空,noun
column,1721,列,noun
criminal,1724,犯人,noun
coast,1728,海岸,noun
legislation,1735,法律,noun
county,1736,郡,noun
assistant,1739,助手,noun
chart,1741,図表,noun
hell,1743,地獄,noun
household,1746,世帯,noun
reward,1748,報酬,noun
east,1749,東,noun
hat,1750,帽子,noun
voter,1752,投票者,noun
wage,1757,賃金,noun
absence,1758,欠席,noun
medicine,1761,薬,noun
professor,1762,教授,noun
intention,1764,意図,noun
dozen,1765,ダース,noun
settlement,1766,定住,noun
gap,1767,隙間,noun
estate,1771,財産,noun
victory,1776,勝利,noun
critic,1778,批評家,noun
emotion,1783,感情,noun
urge,1786,衝動,noun
enemy,1787,敵,noun
milk,1789,牛乳,noun
talent,1790,才能,noun
priority,1793,優先事項,noun
phrase,1795,句,noun
pilot,1796,操縦士,noun
resolution,1799,決心,noun
injury,1801,負傷,noun
exhibition,1803,展示会,noun
producer,1804,生産者,noun
incident,1807,出来事,noun
childhood,1808,子供時代,noun
draft,1809,下書き,noun
politician,1812,政治家,noun
seed,1815,種,noun
salary,1816,給料,noun
breakfast,1819,朝食,noun
lake,1822,湖,noun
habit,1828,習慣,noun
disk,1829,ディスク,noun
core,1830,核心,noun
aircraft,1832,航空機,noun
self,1833,自己,noun
metal,1834,金属,noun
existence,1835,存在,noun
bone,1836,骨,noun
panel,1837,パネル,noun
appointment,1839,予約,noun
initiative,1845,主導権,noun
diet,1847,食事,noun
motion,1848,動き,noun
plastic,1850,プラスチック,noun
discipline,1852,規律,noun
boss,1854,上司,noun
assumption,1855,想定,noun
passage,1858,通路,noun
reputation,1859,評判,noun
negotiation,1861,交渉,noun
mechanism,1862,仕組み,noun
coat,1863,上着,noun
democracy,1864,民主主義,noun
pocket,1865,ポケット,noun
observation,1868,観察,noun
meat,1869,肉,noun
concentration,1870,集中,noun
implication,1871,含み,noun
king,1876,王,noun
interaction,1877,相互作用,noun
dish,1882,皿,noun
soul,1884,魂,noun
emergency,1891,緊急事態,noun
manufacturer,1896,製造業者,noun
breast,1900,胸,noun
accommodation,1903,宿泊施設,noun
reporter,1905,記者,noun
climate,1906,気候,noun
shirt,1907,シャツ,noun
exception,1908,例外,noun
corporation,1909,企業,noun
chip,1910,チップ,noun
winner,1911,勝者,noun
excuse,1915,言い訳,noun
tennis,1917,テニス,noun
output,1921,出力,noun
beauty,1922,美しさ,noun
mouse,1926,ネズミ,noun
mathematics,1927,数学,noun
creation,1929,創造,noun
outline,1931,概要,noun
luck,1934,運,noun
illness,1938,病気,noun
journalist,1939,記者,noun
advertisement,1941,広告,noun
comfort,1945,快適さ,noun
gene,1948,遺伝子,noun
prospect,1949,見込み,noun
snow,1950,雪,noun
plot,1951,筋書き,noun
neck,1952,首,noun
criteria,1953,基準,noun
criticism,1956,批判,noun
convention,1957,慣習,noun
sequence,1960,連続,noun
volunteer,1962,志願者,noun
examination,1966,試験,noun
silence,1967,沈黙,noun
revolution,1970,革命,noun
premise,1973,前提,noun
protein,1978,タンパク質,noun
bike,1979,自転車,noun
unemployment,1984,失業,noun
wheel,1985,車輪,noun
crop,1986,作物,noun
minority,1987,少数派,noun
origin,1988,起源,noun
interpretation,1989,解釈,noun
gentleman,1990,紳士,noun
drama,1991,劇,noun
landscape,1992,風景,noun
toy,1994,おもちゃ,noun
fault,1995,欠点,noun
storm,1999,嵐,noun
achievement,2001,達成,noun
supplier,2004,供給者,noun
prize,2005,賞,noun
peer,2007,同僚,noun
pension,2008,年金,noun
wing,2009,翼,noun
acquisition,2010,取得,noun
laughter,2011,笑い,noun
recognition,2013,認識,noun
electricity,2014,電気,noun
assistance,2015,支援,noun
roof,2016,屋根,noun
retirement,2017,退職,noun
variation,2019,変化,noun
proof,2021,証拠,noun
soil,2022,土,noun
layer,2024,層,noun
tooth,2026,歯,noun
representation,2027,代表,noun
preparation,2028,準備,noun
dispute,2029,論争,noun
agenda,2030,議題,noun
emphasis,2031,強調,noun
edition,2032,版,noun
silver,2033,銀,noun
entertainment,2034,娯楽,noun
retail,2037,小売,noun
wire,2038,針金,noun
publication,2041,出版,noun
framework,2044,枠組み,noun
zone,2045,地帯,noun
trace,2047,跡,noun
inch,2048,インチ,noun
enterprise,2051,企業,noun
governor,2054,知事,noun
uniform,2055,制服,noun
port,2056,港,noun
arrival,2058,到着,noun
gate,2060,門,noun
ease,2061,容易さ,noun
beer,2062,ビール,noun
specialist,2063,専門家,noun
profile,2065,紹介,noun
mood,2066,気分,noun
episode,2067,エピソード,noun
crack,2068,ひび,noun
symptom,2071,症状,noun
era,2073,時代,noun
coverage,2074,報道、範囲,noun
tension,2075,緊張,noun
cable,2076,ケーブル,noun
input,2079,入力,noun
prisoner,2081,囚人,noun
welfare,2086,福祉,noun
string,2089,紐,noun
cloud,2090,雲,noun
crew,2095,乗組員,noun
phenomenon,2096,現象,noun
pupil,2097,生徒,noun
formula,2101,公式,noun
routine,2104,日常の決まり,noun
sink,2105,流し,noun
hero,2108,英雄,noun
supporter,2109,支持者,noun
meter,2112,メートル,noun
truck,2113,トラック,noun
nose,2114,鼻,noun
disaster,2117,災害,noun
pace,2118,歩調,noun
terrorist,2121,テロリスト,noun
depression,2128,憂鬱、不況,noun
mom,2131,ママ,noun
distinction,2132,区別,noun
satisfaction,2133,満足,noun
obligation,2137,義務,noun
sir,2138,閣下,noun
anger,2140,怒り,noun
pub,2141,パブ,noun
perception,2142,認識,noun
currency,2144,通貨,noun
database,2145,データベース,noun
territory,2147,領土,noun
stream,2148,小川,noun
height,2150,高さ,noun
expansion,2153,拡大,noun
muscle,2155,筋肉,noun
boundary,2159,境界線,noun
ratio,2160,比率,noun
essay,2161,随筆,noun
pollution,2164,汚染,noun
disorder,2165,混乱,noun
furniture,2166,家具,noun
symbol,2167,象徴,noun
apartment,2168,アパート,noun
demonstration,2169,実演、デモ,noun
analyst,2170,分析家,noun
platform,2171,演壇,noun
steel,2172,鋼鉄,noun
cake,2173,ケーキ,noun
restriction,2176,制限,noun
foundation,2177,基礎,noun
designer,2178,設計者,noun
strain,2179,緊張,noun
innovation,2180,革新,noun
album,2181,アルバム,noun
singer,2182,歌手,noun
trail,2183,小道,noun
trap,2184,罠,noun
extension,2186,延長,noun
wealth,2187,富,noun
tank,2189,戦車,noun
tune,2192,曲,noun
grass,2193,草,noun
invitation,2194,招待,noun
transition,2195,移行,noun
adviser,2201,助言者,noun
stem,2202,茎,noun
mode,2204,様式,noun
mirror,2205,鏡,noun
poem,2211,詩,noun
competitor,2213,競合,noun
alcohol,2214,アルコール,noun
festival,2215,祭り,noun
vegetable,2216,野菜,noun
van,2217,バン,noun
planet,2219,惑星,noun
curve,2220,曲線,noun
knee,2221,膝,noun
web,2223,網,noun
depth,2224,深さ,noun
entrance,2225,入り口,noun
log,2226,丸太,noun
giant,2227,巨人,noun
god,2228,神,noun
portion,2229,部分,noun
substance,2230,物質,noun
independence,2233,独立,noun
sugar,2234,砂糖,noun
harm,2236,害,noun
shadow,2239,影,noun
intervention,2242,介入,noun
exam,2244,試験,noun
vice,2245,悪徳,noun
dimension,2250,寸法,noun
infection,2252,感染,noun
jacket,2253,上着,noun
efficiency,2254,効率,noun
statistic,2256,統計,noun
resort,2258,行楽地,noun
iron,2259,鉄,noun
membership,2261,会員資格,noun
bread,2262,パン,noun
ally,2266,同盟者,noun
quantity,2267,量,noun
alarm,2271,警報,noun
flood,2274,洪水,noun
poverty,2275,貧困,noun
gender,2280,性別,noun
sponsor,2281,スポンサー,noun
boot,2282,ブーツ,noun
dealer,2284,販売業者,noun
button,2285,ボタン,noun
burden,2286,負担,noun
desert,2287,砂漠,noun
mate,2288,仲間,noun
shareholder,2290,株主,noun
bowl,2291,鉢,noun
discovery,2292,発見,noun
resistance,2293,抵抗,noun
bath,2294,風呂,noun
frequency,2295,頻度,noun
philosophy,2298,哲学,noun
lip,2299,唇,noun
attribute,2300,属性,noun
approval,2302,承認,noun
involvement,2306,関与,noun
exposure,2307,露出,noun
formation,2312,形成,noun
establishment,2317,設立,noun
summary,2318,要約,noun
pen,2320,ペン,noun
recovery,2321,回復,noun
seal,2322,印鑑,noun
tube,2323,管,noun
tower,2324,塔,noun
operator,2329,操作員,noun
infant,2330,幼児,noun
angle,2338,角,noun
chicken,2339,鶏,noun
anxiety,2340,不安,noun
virus,2341,ウイルス,noun
rival,2343,ライバル,noun
offense,2344,違反,noun
teenager,2346,10代の若者,noun
surgery,2349,手術,noun
musician,2350,音楽家,noun
significance,2351,重要性,noun
shower,2352,シャワー,noun
charity,2354,慈善,noun
cigarette,2356,タバコ,noun
consultant,2359,顧問,noun
historian,2360,歴史家,noun
cousin,2361,いとこ,noun
twin,2366,双子,noun
forecast,2369,予報,noun
segment,2370,部分,noun
custom,2371,習慣,noun
sand,2373,砂,noun
cap,2374,帽子,noun
charm,2376,魅力,noun
lecture,2378,講義,noun
venture,2379,冒険的事業,noun
compound,2380,混合物,noun
mess,2382,散らかしたもの,noun
preference,2383,好み,noun
incentive,2385,動機,noun
league,2386,連盟,noun
dialog,2387,対話,noun
cream,2388,クリーム,noun
margin,2393,余白,noun
opponent,2395,相手,noun
capability,2397,能力,noun
stroke,2400,打撃,noun
barrier,2402,障壁,noun
divorce,2404,離婚,noun
counsel,2407,助言,noun
tendency,2408,傾向,noun
motor,2410,モーター,noun
survival,2411,生存,noun
permission,2414,許可,noun
valley,2415,谷,noun
evolution,2422,進化,noun
awareness,2423,意識,noun
slave,2425,奴隷,noun
architecture,2427,建築,noun
journal,2429,日誌,noun
coal,2430,石炭,noun
measurement,2431,測定,noun
illustration,2435,図解,noun
privilege,2437,特権,noun
buyer,2438,買い手,noun
rail,2440,レール,noun
laboratory,2442,実験室,noun
mortgage,2443,住宅ローン,noun
promotion,2444,昇進、宣伝,noun
passion,2445,情熱,noun
champion,2446,優勝者,noun
dust,2448,埃,noun
skirt,2451,スカート,noun
province,2452,州,noun
evaluation,2454,評価,noun
weakness,2457,弱さ,noun
announcement,2458,発表,noun
salt,2459,塩,noun
opera,2461,オペラ,noun
contest,2462,コンテスト,noun
brush,2463,ブラシ,noun
gallery,2465,画廊,noun
chest,2468,胸,noun
format,2469,形式,noun
pump,2475,ポンプ,noun
publisher,2476,出版社,noun
celebration,2477,祝いたい,noun
golf,2478,ゴルフ,noun
compensation,2479,報酬,noun
deficit,2483,赤字,noun
flash,2485,閃光,noun
friendship,2486,友情,noun
profession,2487,職業,noun
equation,2489,等式,noun
gesture,2490,身振り,noun
inflation,2494,インフレ,noun
therapy,2498,療法,noun
orange,2499,オレンジ,noun
personnel,2501,職員,noun
imagination,2502,想像力,noun
throat,2504,喉,noun
insight,2505,洞察,noun
expenditure,2509,支出,noun
joy,2510,喜び,noun
gear,2513,歯車,noun
poet,2515,詩人,noun
fortune,2516,運,noun
ceremony,2517,儀式,noun
pile,2518,積み重ね,noun
pig,2519,豚,noun
mixture,2520,混合物,noun
scholar,2522,学者,noun
stake,2525,くい,noun
creature,2526,生き物,noun
partnership,2527,協力関係,noun
participation,2528,参加,noun
clause,2529,条項,noun
penalty,2530,刑罰,noun
chamber,2531,会議室,noun
fancy,2532,空想,noun
poetry,2533,詩,noun
clothing,2535,衣類,noun
sake,2537,ため,noun
shelf,2538,棚,noun
tail,2540,尻尾,noun
possession,2541,所有,noun
abortion,2542,中絶,noun
boom,2545,好況,noun
tale,2546,物語,noun
maintenance,2548,維持,noun
pot,2550,壺,noun
cow,2551,雌牛,noun
constraint,2554,制約,noun
bin,2556,ゴミ箱,noun
scope,2559,範囲,noun
diversity,2561,多様性,noun
pride,2563,誇り,noun
inquiry,2565,問い合わせ,noun
craft,2567,工芸,noun
shell,2570,殻,noun
humor,2573,ユーモア,noun
limitation,2574,制限,noun
indication,2575,兆候,noun
stability,2576,安定,noun
jail,2580,刑務所,noun
shelter,2581,避難所,noun
carbon,2583,炭素,noun
cheese,2585,チーズ,noun
trigger,2586,引き金,noun
pipe,2587,管,noun
destruction,2588,破壊,noun
guitar,2589,ギター,noun
flag,2590,旗,noun
piano,2591,ピアノ,noun
magic,2592,魔法,noun
mystery,2593,謎,noun
ski,2594,スキー,noun
rear,2596,後部,noun
menu,2597,献立,noun
species,2598,種,noun
moon,2599,月,noun
airline,2602,航空会社,noun
amendment,2603,修正,noun
grandmother,2604,祖母,noun
jury,2605,陪審,noun
cooperation,2606,協力,noun
civilian,2607,民間人,noun
composition,2608,構成,noun
coin,2609,硬貨,noun
bunch,2612,束,noun
sanction,2616,制裁,noun
trick,2617,いたずら,noun
paragraph,2618,段落,noun
maker,2619,製作者,noun
chocolate,2620,チョコレート,noun
belt,2622,ベルト,noun
potato,2623,ジャガイモ,noun
narrative,2624,物語,noun
tissue,2625,組織,noun
tourism,2628,観光,noun
pro,2629,プロ,noun
stair,2630,階段,noun
motivation,2633,動機づけ,noun
interior,2636,内部,noun
stomach,2637,胃,noun
championship,2640,選手権,noun
servant,2641,召使い,noun
immigrant,2642,移民,noun
excess,2643,過剰,noun
complexity,2644,複雑さ,noun
liability,2645,負債,noun
implementation,2648,実施,noun
bias,2649,偏見,noun
catalog,2651,カタログ,noun
stamp,2654,切手,noun
guideline,2655,指針,noun
envelope,2656,封筒,noun
knife,2657,ナイフ,noun
luxury,2660,贅沢,noun
printer,2664,印刷業者,noun
adventure,2667,冒険,noun
fence,2668,垣根,noun
attraction,2670,魅力,noun
ocean,2671,海洋,noun
castle,2673,城,noun
veteran,2674,ベテラン,noun
reflection,2675,反射,noun
nerve,2676,神経,noun
determination,2677,決意,noun
fiction,2679,小説,noun
carpet,2680,カーペット,noun
cluster,2681,集団,noun
confusion,2682,混乱,noun
logic,2684,論理,noun
grammar,2687,文法,noun
hint,2689,ヒント,noun
hook,2690,フック,noun
bell,2691,鐘,noun
liquid,2692,液体,noun
panic,2693,パニック,noun
uncle,2694,叔父,noun
rice,2695,米,noun
slope,2696,坂,noun
happiness,2697,幸福,noun
vessel,2699,船,noun
verb,2700,動詞,noun
transportation,2703,輸送,noun
harbor,2704,港,noun
comedy,2705,喜劇,noun
storage,2707,貯蔵,noun
universe,2708,宇宙,noun
sheep,2710,羊,noun
lover,2711,恋人,noun
rat,2712,ネズミ,noun
portrait,2713,肖像画,noun
adjustment,2717,調整,noun
filter,2719,フィルター,noun
tent,2722,テント,noun
stranger,2725,見知らぬ人,noun
shade,2726,日陰,noun
grain,2727,穀物,noun
probability,2732,可能性,noun
leather,2733,革,noun
uncertainty,2734,不確実性,noun
refugee,2736,難民,noun
shore,2737,岸,noun
excitement,2741,興奮,noun
pregnancy,2743,妊娠,noun
empire,2748,帝国,noun
attendance,2751,出席,noun
ownership,2752,所有権,noun
qualification,2753,資格,noun
stain,2758,汚れ,noun
athlete,2759,運動選手,noun
tongue,2761,舌,noun
server,2762,サーバー,noun
website,2764,ウェブサイト,noun
fool,2765,愚か者,noun
cough,2774,咳,noun
hypothesis,2775,仮説,noun
curtain,2778,カーテン,noun
mayor,2779,市長,noun
darkness,2780,暗闇,noun
aunt,2781,おば,noun
tournament,2782,トーナメント,noun
registration,2783,登録,noun
fragment,2784,断片,noun
listener,2785,聴衆,noun
immigration,2786,移住,noun
density,2788,密度,noun
module,2790,モジュール,noun
autumn,2792,秋,noun
cheek,2793,ほお,noun
attachment,2794,添付,noun
holder,2795,保持者,noun
rose,2798,バラ,noun
noun,2799,名詞,noun
hunger,2804,飢え,noun
blog,2808,ブログ,noun
thirst,2809,喉の渇き,noun
yes,228,はい,interjection
okay,925,いいですよ,interjection
hi,1826,こんにちは,interjection
hello,2803,こんにちは,interjection
a,6,一つの,determiner
and,3,そして,conjunction
but,25,しかし,conjunction
or,29,または,conjunction
if,34,もし?なら,conjunction
because,62,?なので,conjunction
than,69,?よりも,conjunction
while,155,?の間,conjunction
though,227,?だけれども,conjunction
once,265,一旦?すると,conjunction
whether,273,?かどうか,conjunction
although,278,?だけれども,conjunction
nor,967,?もまた?ない,conjunction
unless,1005,?でない限り,conjunction
whereas,1372,?であるのに,conjunction
whenever,2127,?するときはいつでも,conjunction
whilst,2553,?の間,conjunction
wherever,2662,どこへ?しようとも,conjunction
the,1,その,article
not,14,?でない,adverb
so,32,そのように,adverb
about,37,約,adverb
there,40,そこに,adverb
when,46,いつ,adverb
up,52,上に,adverb
out,55,外へ,adverb
no,60,いいえ,adverb
well,61,よく,adverb
very,63,とても,adverb
just,64,ちょうど,adverb
now,70,今,adverb
then,71,その時,adverb
also,72,?もまた,adverb
only,74,?だけ,adverb
where,86,どこで,adverb
how,93,どのように,adverb
even,96,?でさえ,adverb
here,98,ここに,adverb
really,104,本当に,adverb
down,109,下に,adverb
too,118,?もまた,adverb
still,119,まだ,adverb
off,150,離れて,adverb
why,154,なぜ,adverb
never,162,決して?ない,adverb
around,170,周囲に,adverb
again,175,再び,adverb
always,183,いつも,adverb
however,203,しかしながら,adverb
away,234,離れて,adverb
today,246,今日,adverb
quite,277,かなり,adverb
often,288,しばしば,adverb
actually,291,実際に,adverb
rather,292,むしろ,adverb
together,294,一緒に,adverb
already,302,すでに,adverb
almost,307,ほとんど,adverb
yet,311,まだ,adverb
ever,317,かつて,adverb
soon,325,すぐに,adverb
probably,328,たぶん,adverb
ago,372,?前に,adverb
perhaps,413,おそらく,adverb
sometimes,444,時々,adverb
forward,452,前方へ,adverb
especially,460,特に,adverb
maybe,464,たぶん,adverb
else,466,他に,adverb
outside,491,外側で,adverb
finally,499,ついに,adverb
therefore,525,それゆえに,adverb
certainly,536,確かに,adverb
instead,553,代わりに,adverb
usually,555,普通は,adverb
particularly,601,特に,adverb
simply,626,単に,adverb
recently,638,最近,adverb
exactly,670,正確に,adverb
thus,684,このように,adverb
indeed,697,本当に,adverb
yesterday,703,昨日,adverb
alone,719,一人で,adverb
tomorrow,726,明日,adverb
clearly,728,はっきりと,adverb
nearly,768,ほとんど,adverb
quickly,783,速く,adverb
generally,848,一般的に,adverb
obviously,886,明らかに,adverb
anyway,893,とにかく,adverb
completely,960,完全に,adverb
easily,969,容易に,adverb
ahead,974,前方へ,adverb
yeah,976,はい,adverb
immediately,988,すぐに,adverb
suddenly,997,急に,adverb
directly,1051,直接に,adverb
otherwise,1056,さもなければ,adverb
highly,1074,非常に,adverb
absolutely,1078,絶対に,adverb
slightly,1112,わずかに,adverb
apart,1121,離れて,adverb
eventually,1140,結局は,adverb
fully,1178,完全に,adverb
extremely,1257,極端に,adverb
unfortunately,1269,残念ながら,adverb
apparently,1277,明らかに,adverb
mostly,1287,大部分は,adverb
currently,1293,現在は,adverb
twice,1308,2回,adverb
somewhere,1320,どこかに,adverb
relatively,1326,比較的,adverb
hardly,1340,ほとんど?ない,adverb
possibly,1347,たぶん,adverb
carefully,1386,注意深く,adverb
totally,1396,完全に,adverb
moreover,1403,そのうえ,adverb
tonight,1414,今夜,adverb
normally,1424,通常は,adverb
basically,1435,基本的に,adverb
mainly,1438,主に,adverb
fairly,1466,かなり,adverb
necessarily,1509,必ずしも,adverb
slowly,1512,ゆっくりと,adverb
entirely,1544,完全に,adverb
strongly,1545,強く,adverb
definitely,1557,絶対に,adverb
nevertheless,1560,それにもかかわらず,adverb
previously,1562,以前に,adverb
largely,1564,主として,adverb
seriously,1590,真面目に,adverb
increasingly,1612,ますます,adverb
anywhere,1648,どこでも,adverb
specifically,1653,具体的に,adverb
significantly,1669,かなり,adverb
surely,1676,確かに,adverb
somewhat,1679,いくらか,adverb
somehow,1692,どういうわけか,adverb
frequently,1711,頻繁に,adverb
properly,1726,適切に,adverb
closely,1731,密接に,adverb
everywhere,1744,どこでも,adverb
meanwhile,1753,その間に,adverb
furthermore,1754,さらに,adverb
widely,1768,広く,adverb
equally,1772,等しく,adverb
merely,1798,単に,adverb
truly,1825,本当に,adverb
effectively,1842,効果的に,adverb
elsewhere,1843,どこかよそで,adverb
forth,1860,前方へ,adverb
abroad,1883,海外へ,adverb
perfectly,1888,完全に,adverb
personally,1899,個人的に,adverb
approximately,1902,およそ,adverb
partly,1916,一部分は,adverb
originally,1943,元来は,adverb
aside,1944,脇に,adverb
secondly,1946,第二に,adverb
primarily,1954,主に,adverb
rapidly,1968,急速に,adverb
typically,2006,典型的に,adverb
deeply,2012,深く,adverb
respectively,2018,それぞれ,adverb
ultimately,2020,結局,adverb
virtually,2072,実質的に,adverb
hence,2094,それゆえに,adverb
anymore,2107,もはや,adverb
heavily,2119,激しく,adverb
naturally,2143,自然に,adverb
initially,2146,最初は,adverb
rarely,2149,めったに?ない,adverb
constantly,2154,常に,adverb
badly,2157,ひどく,adverb
gradually,2188,徐々に,adverb
nowadays,2210,今日では,adverb
similarly,2247,同様に,adverb
regularly,2257,定期的に,adverb
briefly,2270,簡潔に,adverb
newly,2278,新しく,adverb
occasionally,2289,時々,adverb
precisely,2342,正確に,adverb
greatly,2418,大いに,adverb
successfully,2433,成功裏に,adverb
roughly,2450,おおよそ,adverb
literally,2488,文字通りに,adverb
forever,2507,永遠に,adverb
automatically,2521,自動的に,adverb
dramatically,2524,劇的に,adverb
consequently,2549,結果として,adverb
potentially,2558,潜在的に,adverb
presumably,2600,おそらく,adverb
regardless,2610,関係なく,adverb
hopefully,2615,願わくば,adverb
barely,2626,かろうじて,adverb
firmly,2635,固く,adverb
nowhere,2638,どこにも?ない,adverb
surprisingly,2646,驚くほど,adverb
differently,2650,異なって,adverb
firstly,2665,第一に,adverb
quietly,2672,静かに,adverb
altogether,2678,完全に,adverb
reasonably,2718,合理的に,adverb
subsequently,2749,その後,adverb
gently,2768,優しく,adverb
faithfully,2791,忠実に,adverb
that,15,あの,adjective
this,19,この,adjective
all,33,すべての,adjective
one,35,1つの,adjective
more,42,より多くの,adjective
some,53,いくつかの,adjective
other,54,他の,adjective
good,56,良い,adjective
first,78,最初の,adjective
new,79,新しい,adjective
any,83,何らかの,adjective
most,88,最も多くの,adjective
much,91,たくさんの,adjective
right,92,正しい,adjective
back,94,後ろの,adjective
many,99,多くの,adjective
such,100,そのような,adjective
last,101,最後の,adjective
long,115,長い,adjective
same,122,同じ,adjective
great,124,偉大な,adjective
both,128,両方の,adjective
own,129,自分の,adjective
little,132,小さい,adjective
another,140,別の,adjective
old,144,古い,adjective
each,145,それぞれの,adjective
late,147,遅い,adjective
high,148,高い,adjective
different,149,異なる,adjective
next,151,次の,adjective
kind,176,親切な,adjective
every,180,すべての,adjective
big,184,大きい,adjective
small,186,小さい,adjective
important,190,重要な,adjective
few,195,少ない,adjective
early,197,早い,adjective
large,210,大きい,adjective
second,226,2番目の,adjective
young,238,若い,adjective
far,245,遠い,adjective
less,253,より少ない,adjective
enough,267,十分な,adjective
bad,268,悪い,adjective
able,271,できる,adjective
present,275,現在の,adjective
sure,279,確信して,adjective
least,281,最小の,adjective
low,283,低い,adjective
public,287,公衆の,adjective
possible,290,可能な,adjective
hard,298,硬い,adjective
local,300,地元の,adjective
whole,310,全体の,adjective
several,348,いくつかの,adjective
light,349,軽い,adjective
real,354,本物の,adjective
clear,369,はっきりした,adjective
either,371,どちらかの,adjective
social,381,社会の,adjective
political,394,政治の,adjective
free,395,自由な,adjective
further,400,さらなる,adjective
general,404,一般的な,adjective
easy,408,簡単な,adjective
individual,409,個人の,adjective
full,410,満ちた,adjective
black,411,黒い,adjective
short,419,短い,adjective
near,427,近い,adjective
human,428,人間の,adjective
major,438,主要な,adjective
special,443,特別な,adjective
certain,451,確信して,adjective
main,453,主要な,adjective
available,459,利用可能な,adjective
strong,461,強い,adjective
particular,467,特定の,adjective
difficult,470,難しい,adjective
TRUE,478,真実の,adjective
white,482,白い,adjective
economic,493,経済の,adjective
nice,506,素敵な,adjective
happy,513,幸せな,adjective
round,519,丸い,adjective
likely,535,ありそうな,adjective
national,537,国家の,adjective
single,557,たった一つの,adjective
common,567,共通の,adjective
total,569,合計の,adjective
due,574,期限が来た,adjective
wrong,575,間違った,adjective
personal,585,個人の,adjective
patient,589,忍耐強い,adjective
current,590,現在の,adjective
similar,594,似ている,adjective
fine,597,晴れた,adjective
former,599,前の,adjective
poor,618,貧しい,adjective
fast,631,速い,adjective
foreign,633,外国の,adjective
pretty,637,きれいな,adjective
recent,641,最近の,adjective
official,643,公式の,adjective
financial,644,財政上の,adjective
private,648,個人の,adjective
international,662,国際的な,adjective
necessary,676,必要な,adjective
various,682,様々な,adjective
simple,688,簡単な,adjective
average,690,平均の,adjective
final,698,最後の,adjective
significant,720,重要な,adjective
direct,724,直接の,adjective
wide,753,広い,adjective
military,758,軍隊の,adjective
sorry,765,すまなく思って,adjective
ready,774,準備ができて,adjective
popular,790,人気のある,adjective
specific,791,特定の,adjective
beautiful,792,美しい,adjective
serious,796,重大な,adjective
red,800,赤い,adjective
modern,808,現代の,adjective
worth,816,価値がある,adjective
natural,817,自然の,adjective
potential,830,潜在的な,adjective
middle,836,中央の,adjective
deep,840,深い,adjective
normal,855,標準の,adjective
blue,858,青い,adjective
positive,859,積極的な,adjective
huge,862,巨大な,adjective
cold,867,寒い,adjective
successful,872,成功した,adjective
hot,885,暑い,adjective
unclear,887,不明瞭な,adjective
central,891,中心の,adjective
basic,911,基本的な,adjective
male,914,男性の,adjective
useful,918,役に立つ,adjective
previous,922,前の,adjective
dark,923,暗い,adjective
professional,936,専門職の,adjective
green,940,緑の,adjective
dead,947,死んだ,adjective
daily,955,毎日の,adjective
female,961,女性の,adjective
original,963,独創的な,adjective
legal,979,法律の,adjective
traditional,993,伝統的な,adjective
favorite,1000,お気に入りの,adjective
independent,1006,独立した,adjective
rich,1012,豊かな,adjective
famous,1017,有名な,adjective
appropriate,1019,適切な,adjective
warm,1021,暖かい,adjective
safe,1027,安全な,adjective
effective,1031,効果的な,adjective
correct,1032,正しい,adjective
medical,1033,医学の,adjective
aware,1039,気づいて,adjective
complex,1047,複雑な,adjective
heavy,1052,重い,adjective
extra,1058,追加の,adjective
expensive,1061,高価な,adjective
primary,1067,主要な,adjective
straight,1072,真っ直ぐな,adjective
wonderful,1076,素晴らしい,adjective
flat,1077,平らな,adjective
fair,1080,公正な,adjective
additional,1081,追加の,adjective
responsible,1082,責任がある,adjective
negative,1086,否定的な,adjective
alternative,1090,代わりの,adjective
cheap,1095,安い,adjective
double,1096,2倍の,adjective
perfect,1111,完全な,adjective
overall,1113,全体の,adjective
slow,1118,遅い,adjective
regular,1119,規則的な,adjective
physical,1120,身体の,adjective
federal,1123,連邦の,adjective
dry,1135,乾いた,adjective
chief,1155,主要な,adjective
cool,1156,涼しい,adjective
excellent,1163,優れた,adjective
global,1170,地球規模の,adjective
annual,1177,年次の,adjective
entire,1185,全体の,adjective
quick,1195,素早い,adjective
nuclear,1198,核の,adjective
senior,1207,年上の,adjective
neither,1216,どちらも?ない,adjective
left,1220,左の,adjective
busy,1233,忙しい,adjective
funny,1237,おかしい,adjective
equal,1254,等しい,adjective
commercial,1260,商業の,adjective
cultural,1265,文化の,adjective
brief,1270,簡潔な,adjective
initial,1282,最初の,adjective
critical,1285,批判的な,adjective
essential,1290,不可不可欠な,adjective
powerful,1300,力強い,adjective
fresh,1309,新鮮な,adjective
quiet,1313,静かな,adjective
obvious,1323,明白な,adjective
broad,1330,広い,adjective
actual,1335,実際の,adjective
strange,1345,奇妙な,adjective
impossible,1350,不可能な,adjective
afraid,1353,恐れて,adjective
active,1354,活動的な,adjective
religious,1356,宗教の,adjective
environmental,1360,環境の,adjective
healthy,1362,健康な,adjective
glad,1370,うれしい,adjective
opposite,1373,反対側の,adjective
comfortable,1384,快適な,adjective
usual,1385,いつもの,adjective
dear,1401,親愛なる,adjective
historical,1405,歴史の,adjective
dangerous,1419,危険な,adjective
familiar,1445,よく知られた,adjective
civil,1449,市民の,adjective
domestic,1454,国内の,adjective
technical,1458,技術的な,adjective
corporate,1465,企業の,adjective
tough,1469,たくましい,adjective
proper,1484,適切な,adjective
industrial,1494,産業の,adjective
relevant,1504,関連のある,adjective
bright,1510,明るい,adjective
internal,1517,内部の,adjective
secure,1523,安全な,adjective
typical,1536,典型的な,adjective
friendly,1538,友好的な,adjective
moral,1550,道徳的な,adjective
principal,1555,主要な,adjective
reasonable,1569,妥当な,adjective
odd,1574,奇妙な,adjective
characteristic,1582,特徴的な,adjective
narrow,1585,狭い,adjective
wild,1591,野生の,adjective
empty,1592,空の,adjective
unique,1594,独特な,adjective
practical,1598,実用的な,adjective
lovely,1600,素敵な,adjective
soft,1601,柔らかい,adjective
sexual,1609,性的の,adjective
conservative,1620,保守的な,adjective
musical,1630,音楽の,adjective
tiny,1636,とても小さい,adjective
careful,1637,注意深い,adjective
suitable,1638,適切な,adjective
native,1639,母国の,adjective
terrible,1644,ひどい,adjective
ordinary,1646,普通の,adjective
mental,1649,精神の,adjective
fat,1654,太った,adjective
chemical,1657,化学の,adjective
constant,1668,絶え間ない,adjective
considerable,1671,かなりの,adjective
ideal,1674,理想的な,adjective
weak,1685,弱い,adjective
thin,1698,薄い,adjective
formal,1700,公式の,adjective
latter,1704,後者の,adjective
sad,1710,悲しい,adjective
helpful,1713,役立つ,adjective
attractive,1715,魅力的な,adjective
sick,1716,病気の,adjective
unable,1718,できない,adjective
electronic,1722,電子の,adjective
ancient,1727,古代の,adjective
ill,1729,病気の,adjective
multiple,1732,多数の,adjective
mobile,1738,可動性の,adjective
academic,1751,学問の,adjective
scientific,1756,科学の,adjective
rare,1763,珍しい,adjective
minimum,1769,最小の,adjective
northern,1770,北の,adjective
alive,1774,生きている,adjective
variable,1779,変わりやすい,adjective
enormous,1780,巨大な,adjective
sweet,1781,甘い,adjective
permanent,1782,永続的な,adjective
tall,1785,背が高い,adjective
prior,1792,前の,adjective
online,1794,オンラインの,adjective
stable,1797,安定した,adjective
vast,1802,広大な,adjective
regional,1805,地域の,adjective
immediate,1806,即座の,adjective
angry,1813,怒った,adjective
temporary,1820,一時的な,adjective
liberal,1821,自由主義の,adjective
competitive,1824,競争の,adjective
yellow,1827,黄色い,adjective
emotional,1831,感情的な,adjective
prime,1838,最も重要な,adjective
maximum,1841,最大の,adjective
sharp,1846,鋭い,adjective
gray,1849,灰色の,adjective
extreme,1857,極端な,adjective
lucky,1866,幸運な,adjective
unusual,1873,異常な,adjective
classic,1875,古典の,adjective
fundamental,1881,基本的な,adjective
capable,1885,能力がある,adjective
presidential,1887,大統領の,adjective
proud,1890,誇りに思って,adjective
educational,1892,教育の,adjective
substantial,1894,かなりの,adjective
nearby,1895,近くの,adjective
valuable,1898,貴重な,adjective
brown,1913,茶色の,adjective
urban,1918,都市の,adjective
southern,1920,南の,adjective
massive,1923,巨大な,adjective
upper,1928,上の,adjective
sufficient,1932,十分な,adjective
sudden,1940,急な,adjective
consistent,1942,一致した,adjective
severe,1947,厳しい,adjective
plain,1961,明白な,adjective
rural,1963,田舎の,adjective
calm,1964,落ち着いた,adjective
efficient,1969,効率的な,adjective
dramatic,1975,劇的な,adjective
grateful,1977,感謝している,adjective
intellectual,1981,知的な,adjective
crucial,1983,決定的な,adjective
minor,1997,小さい方の,adjective
thick,2000,厚い,adjective
smart,2023,賢い,adjective
honest,2035,正直な,adjective
unlikely,2039,ありそうもない,adjective
gay,2040,陽気な、同性愛の,adjective
slight,2042,わずかな,adjective
unknown,2043,未知の,adjective
equivalent,2049,同等の,adjective
solid,2050,固体の,adjective
elderly,2052,年配の,adjective
contemporary,2059,現代の,adjective
numerous,2069,多数の,adjective
sensitive,2077,敏感な,adjective
nervous,2078,緊張して,adjective
tight,2083,きつい,adjective
wet,2084,濡れた,adjective
secondary,2085,二次の,adjective
grand,2093,壮大な,adjective
FALSE,2098,誤った,adjective
steady,2111,安定した,adjective
vital,2123,不可欠な,adjective
external,2125,外部の,adjective
spare,2126,予備の,adjective
guilty,2129,有罪の,adjective
apparent,2151,明らかな,adjective
western,2152,西の,adjective
everyday,2158,毎日の,adjective
loose,2185,緩い,adjective
evil,2190,邪悪な,adjective
remarkable,2191,注目すべき,adjective
extraordinary,2199,並外れた,adjective
brilliant,2200,輝かしい,adjective
awful,2206,ひどい,adjective
creative,2209,創造的な,adjective
agricultural,2212,農業の,adjective
confident,2218,自信がある,adjective
extensive,2231,広範囲な,adjective
inner,2235,内側の,adjective
pink,2238,桃色の,adjective
smooth,2241,滑らかな,adjective
radical,2246,根本的な,adjective
loud,2249,大声の,adjective
subsequent,2251,その後の,adjective
dirty,2255,汚い,adjective
blind,2263,盲目の,adjective
pure,2264,純粋な,adjective
bloody,2265,血まみれの,adjective
mature,2269,成熟した,adjective
crazy,2276,狂気じみた,adjective
parallel,2279,平行な,adjective
accurate,2283,正確な,adjective
conventional,2308,従来の,adjective
digital,2309,デジタルの,adjective
pleasant,2314,楽しい,adjective
overseas,2315,海外の,adjective
rough,2319,荒い,adjective
exact,2327,正確な,adjective
dependent,2336,依存している,adjective
moderate,2348,適度な,adjective
illegal,2353,違法の,adjective
universal,2355,普遍的な,adjective
adequate,2358,十分な,adjective
visual,2362,視覚の,adjective
stupid,2363,愚かな,adjective
keen,2364,鋭い,adjective
ethnic,2365,民族の,adjective
clinical,2367,臨床の,adjective
eastern,2368,東の,adjective
prompt,2375,迅速な,adjective
comprehensive,2384,包括的な,adjective
rapid,2389,速い,adjective
absolute,2398,絶対の,adjective
frequent,2409,頻繁な,adjective
counter,2412,反対の,adjective
mad,2417,怒った,adjective
visible,2419,目に見える,adjective
electric,2420,電気の,adjective
impressive,2421,印象的な,adjective
violent,2424,激しい,adjective
wealthy,2426,富裕な,adjective
acceptable,2428,許容できる,adjective
random,2432,無作為な,adjective
mutual,2439,相互の,adjective
genetic,2466,遺伝の,adjective
aggressive,2467,攻撃的な,adjective
literary,2470,文学の,adjective
silent,2474,静かな,adjective
classical,2480,古典的な,adjective
fantastic,2492,素晴らしい,adjective
historic,2495,歴史的な,adjective
remote,2497,遠い,adjective
pregnant,2511,妊娠している,adjective
reliable,2512,信頼できる,adjective
psychological,2523,心理的な,adjective
curious,2543,好奇心の強い,adjective
wooden,2544,木製の,adjective
democratic,2547,民主的な,adjective
intense,2564,強烈な,adjective
strict,2568,厳しい,adjective
concrete,2569,具体的な,adjective
damn,2571,ひどい,adjective
distinct,2572,はっきり異なる,adjective
wise,2577,賢い,adjective
mere,2582,単なる,adjective
racial,2613,人種の,adjective
romantic,2634,ロマンチックな,adjective
continuous,2652,継続的な,adjective
golden,2653,金の,adjective
biological,2658,生物学的な,adjective
weekly,2661,毎週の,adjective
anxious,2666,心配して,adjective
controversial,2685,議論を呼ぶ,adjective
raw,2686,生の,adjective
genuine,2698,本物の,adjective
silly,2702,愚かな,adjective
horrible,2709,恐ろしい,adjective
innocent,2714,無実の,adjective
flexible,2720,柔軟な,adjective
abstract,2721,抽象的な,adjective
precise,2723,正確な,adjective
distant,2724,遠い,adjective
monthly,2738,月次の,adjective
experimental,2744,実験的な,adjective
institutional,2745,制度上の,adjective
gentle,2750,優しい,adjective
functional,2755,機能的な,adjective
voluntary,2756,自発的な,adjective
pale,2757,青白い,adjective
organic,2760,有機の,adjective
structural,2763,構造的な,adjective
weird,2771,奇妙な,adjective
royal,2776,王の,adjective
theoretical,2777,理論的な,adjective
tender,2787,優しい,adjective
ugly,2789,醜い,adjective
solar,2796,太陽の,adjective
fortunate,2800,運が良い,adjective
alright,2801,申し分ない,adjective
lazy,2802,怠惰な,adjective
ashamed,2806,恥じて,adjective
