1,数と式,展開
1,数と式,因数分解
1,数と式,二重根号
1,数と式,循環小数
1,二次関数,平方完成
1,二次関数,二次方程式の解
1,二次関数,最大値・最小値
1,二次関数,判別式
1,二次関数,対象移動
1,三角比,三角比の不等式
1,三角比,三角比の値域
1,三角比,三角比の値
1,三角比,相互関係
1,三角比,図形問題
2,解と方程式,解と係数の関係
2,図形と方程式,点と点の距離
2,図形と方程式,中点・内分・外分
2,図形と方程式,点と直線の距離
2,図形と方程式,直線の方程式
2,図形と方程式,円の方程式
2,指数・対数,対数の計算
2,指数・対数,指数の不等式
2,指数・対数,対数の不等式
2,指数・対数,常用対数
2,三角関数,三角関数の値
2,三角関数,三角関数の不等式
2,三角関数,三角関数の値域
2,三角関数,sin合成
2,三角関数,積和・和積の公式
2,積分,定積分
2,積分,1分のn公式
3,極限,極限
3,微分,色々な微分
3,積分,不定積分
A,確率,CP!の値
A,確率,場合の数
A,確率,確率
A,整数,素因数分解
A,整数,記数法
A,整数,ガウス記号
A,幾何,チェバ・メネラウス
B,数列,数列の和
B,数列,一般項
B,統計,統計
C,二次曲線,双曲線
C,二次曲線,楕円
C,二次曲線,放物線
C,ベクトル,内積
C,複素数平面,ドモアブルの定理
C,複素数平面,回転
